file_path,class_label,expected_text,transcription,wer,cer,word_count,char_count
C:\Users\reaso\PycharmProjects\TestOriginalUrythmic\RnV-main\RnV-main\testmhub\wavs\C_040_0001_computer_bathroom_AOL.wav,39,kapcsold ki a számítógépet a fürdőszobába , kapcsolt ki a számítógépet a fűrőszobával ,0.3333333333333333,0.12195121951219512,6,36
C:\Users\reaso\PycharmProjects\TestOriginalUrythmic\RnV-main\RnV-main\testmhub\wavs\C_040_0001_computer_bathroom_LAO.wav,39,a fürdőszobába kapcsold ki a számítógépet , a félőszobába kapcsolatok kia számítanak a fátoknak ,0.8333333333333334,0.5365853658536586,6,36
C:\Users\reaso\PycharmProjects\TestOriginalUrythmic\RnV-main\RnV-main\testmhub\wavs\C_040_0001_computer_corridor_AOL.wav,39,kapcsold ki a számítógépet a folyosón , katszott ki a számodagépet a felsoron ,0.5,0.32432432432432434,6,32
C:\Users\reaso\PycharmProjects\TestOriginalUrythmic\RnV-main\RnV-main\testmhub\wavs\C_040_0001_computer_corridor_LAO.wav,39,a folyosón kapcsold ki a számítógépet , a főnös van kapcsolod ki a számítógéppet ,0.6666666666666666,0.24324324324324326,6,32
C:\Users\reaso\PycharmProjects\TestOriginalUrythmic\RnV-main\RnV-main\testmhub\wavs\C_040_0001_computer_corridor_LOA.wav,39,a folyosón a számítógépet kapcsold ki , a fősor a számzógi padszrk ki ,0.5,0.4864864864864865,6,32
C:\Users\reaso\PycharmProjects\TestOriginalUrythmic\RnV-main\RnV-main\testmhub\wavs\C_040_0001_computer_kitchen_ALO.wav,39,kapcsold ki a konyhába a számítógépet , kaptot ki a kohába a szándoripára ,0.5,0.40540540540540543,6,32
C:\Users\reaso\PycharmProjects\TestOriginalUrythmic\RnV-main\RnV-main\testmhub\wavs\C_040_0001_computer_kitchen_AOL.wav,39,kapcsold ki a számítógépet a konyhába , kapcsolt ki a számítógépet a konyhába ,0.16666666666666666,0.02702702702702703,6,32
C:\Users\reaso\PycharmProjects\TestOriginalUrythmic\RnV-main\RnV-main\testmhub\wavs\C_040_0001_computer_kitchen_AOL_d2.wav,39,kapcsold ki a számítógépet a konyhába , kapsó piacám dobbé pucat konyhába ,0.8333333333333334,0.5135135135135135,6,32
C:\Users\reaso\PycharmProjects\TestOriginalUrythmic\RnV-main\RnV-main\testmhub\wavs\C_040_0001_computer_kitchen_LAO.wav,39,a konyhába kapcsold ki a számítógépet , a konyhába kapcsolt ki a szándagépet ,0.3333333333333333,0.13513513513513514,6,32
C:\Users\reaso\PycharmProjects\TestOriginalUrythmic\RnV-main\RnV-main\testmhub\wavs\C_040_0001_computer_kitchen_LAO_d2.wav,39,a konyhába kapcsold ki a számítógépet , a konyhába kapcsolt ki a számzolgépen ,0.3333333333333333,0.13513513513513514,6,32
C:\Users\reaso\PycharmProjects\TestOriginalUrythmic\RnV-main\RnV-main\testmhub\wavs\C_040_0001_computer_livingroom_AOL.wav,39,kapcsold ki a számítógépet a nagyszobába , kacsott ki a számzaképőt a metobába ,0.5,0.35,6,35
C:\Users\reaso\PycharmProjects\TestOriginalUrythmic\RnV-main\RnV-main\testmhub\wavs\C_040_0001_computer_livingroom_LAO.wav,39,a nagyszobába kapcsold ki a számítógépet , az a szobába kapcsolt ki a számzolgálat ,0.6666666666666666,0.275,6,35
C:\Users\reaso\PycharmProjects\TestOriginalUrythmic\RnV-main\RnV-main\testmhub\wavs\C_040_0001_computer_room_ALO.wav,39,kapcsold ki a szobába a számítógépet , kapcsolt ki a szobába a számdagépát ,0.3333333333333333,0.1388888888888889,6,31
C:\Users\reaso\PycharmProjects\TestOriginalUrythmic\RnV-main\RnV-main\testmhub\wavs\C_040_0001_computer_room_LAO.wav,39,a szobába kapcsold ki a számítógépet , a szobába kapcsolt ki a számítógépet ,0.16666666666666666,0.027777777777777776,6,31
C:\Users\reaso\PycharmProjects\TestOriginalUrythmic\RnV-main\RnV-main\testmhub\wavs\C_040_0001_computer_smallroom_AOL.wav,39,kapcsold ki a számítógépet a kisszobába , kapcsolod ki a számítógéplet a készhovába ,0.5,0.15384615384615385,6,34
C:\Users\reaso\PycharmProjects\TestOriginalUrythmic\RnV-main\RnV-main\testmhub\wavs\C_040_0001_computer_smallroom_LAO.wav,39,a kisszobába kapcsold ki a számítógépet , a készaváv a kapcsolat kia számoló érthető ,1.0,0.41025641025641024,6,34
C:\Users\reaso\PycharmProjects\TestOriginalUrythmic\RnV-main\RnV-main\testmhub\wavs\C_040_0001_curtain_bathroom_AOL.wav,39,húzd szét a függönyt a fürdőszobába , húzz szét a függődődő szobába ,0.6666666666666666,0.34285714285714286,6,30
C:\Users\reaso\PycharmProjects\TestOriginalUrythmic\RnV-main\RnV-main\testmhub\wavs\C_040_0001_curtain_bathroom_LAO.wav,39,a fürdőszobába húzd szét a függönyt , a földről szavába húzz szét a vövöz ,0.6666666666666666,0.42857142857142855,6,30
C:\Users\reaso\PycharmProjects\TestOriginalUrythmic\RnV-main\RnV-main\testmhub\wavs\C_040_0001_curtain_corridor_AOL.wav,39,húzd szét a függönyt a folyosón , hosszét a földön te vagy a soha ,1.0,0.6129032258064516,6,26
C:\Users\reaso\PycharmProjects\TestOriginalUrythmic\RnV-main\RnV-main\testmhub\wavs\C_040_0001_curtain_corridor_LAO.wav,39,a folyosón húzd szét a függönyt , a felesolgó szétfogalmát ,0.8333333333333334,0.5806451612903226,6,26
C:\Users\reaso\PycharmProjects\TestOriginalUrythmic\RnV-main\RnV-main\testmhub\wavs\C_040_0001_curtain_kitchen_AOL.wav,39,húzd szét a függönyt a konyhába , húzz szét a függönyt a konyhába ,0.16666666666666666,0.03225806451612903,6,26
C:\Users\reaso\PycharmProjects\TestOriginalUrythmic\RnV-main\RnV-main\testmhub\wavs\C_040_0001_curtain_kitchen_LAO.wav,39,a konyhába húzd szét a függönyt , a konyhába húzz szét a vögönt ,0.3333333333333333,0.16129032258064516,6,26
C:\Users\reaso\PycharmProjects\TestOriginalUrythmic\RnV-main\RnV-main\testmhub\wavs\C_040_0001_curtain_livingroom_AOL.wav,39,húzd szét a függönyt a nagyszobába , hosszét a vizet hát a bárba ,0.8333333333333334,0.5882352941176471,6,29
C:\Users\reaso\PycharmProjects\TestOriginalUrythmic\RnV-main\RnV-main\testmhub\wavs\C_040_0001_curtain_livingroom_LAO.wav,39,a nagyszobába húzd szét a függönyt , az a bábak hogy hová szét a végönt ,0.8333333333333334,0.5882352941176471,6,29
C:\Users\reaso\PycharmProjects\TestOriginalUrythmic\RnV-main\RnV-main\testmhub\wavs\C_040_0001_curtain_room_AOL.wav,39,húzd szét a függönyt a szobába , hú széttelbe gyűjtött a szobába ,0.6666666666666666,0.4666666666666667,6,25
C:\Users\reaso\PycharmProjects\TestOriginalUrythmic\RnV-main\RnV-main\testmhub\wavs\C_040_0001_curtain_room_LAO.wav,39,a szobába húzd szét a függönyt , a szobában húzz szét a vipönt ,0.5,0.23333333333333334,6,25
C:\Users\reaso\PycharmProjects\TestOriginalUrythmic\RnV-main\RnV-main\testmhub\wavs\C_040_0001_curtain_smallroom_AOL.wav,39,húzd szét a függönyt a kisszobába , most szét az üdvözlők kiszavába ,0.8333333333333334,0.48484848484848486,6,28
C:\Users\reaso\PycharmProjects\TestOriginalUrythmic\RnV-main\RnV-main\testmhub\wavs\C_040_0001_curtain_smallroom_LAO.wav,39,a kisszobába húzd szét a függönyt , a kiszobába húzt szét a függönt ,0.5,0.09090909090909091,6,28
C:\Users\reaso\PycharmProjects\TestOriginalUrythmic\RnV-main\RnV-main\testmhub\wavs\C_040_0001_dishwasher_kitchen_AOL.wav,39,kapcsold ki a mosogatógépet a konyhába , kapcsolt ki a mosogatógépet a konyhában ,0.3333333333333333,0.05263157894736842,6,33
C:\Users\reaso\PycharmProjects\TestOriginalUrythmic\RnV-main\RnV-main\testmhub\wavs\C_040_0001_dishwasher_kitchen_LAO.wav,39,a konyhába kapcsold ki a mosogatógépet , akkor én hát megkaptam hogy ki nem fogsz volna túl épp át ,1.8333333333333333,0.8947368421052632,6,33
C:\Users\reaso\PycharmProjects\TestOriginalUrythmic\RnV-main\RnV-main\testmhub\wavs\C_040_0001_door_bathroom_AOL.wav,39,nyisd ki az ajtót a fürdőszobába , nézd ki az ajtót a fülőszobába ,0.3333333333333333,0.15625,6,27
C:\Users\reaso\PycharmProjects\TestOriginalUrythmic\RnV-main\RnV-main\testmhub\wavs\C_040_0001_door_bathroom_LAO.wav,39,a fürdőszobába nyisd ki az ajtót , a fődőszobában is tükrözó által ,0.8333333333333334,0.46875,6,27
C:\Users\reaso\PycharmProjects\TestOriginalUrythmic\RnV-main\RnV-main\testmhub\wavs\C_040_0001_door_corridor_AOL.wav,39,nyisd ki az ajtót a folyosón , és gyilkoltató felszólal ,1.0,0.7857142857142857,6,23
C:\Users\reaso\PycharmProjects\TestOriginalUrythmic\RnV-main\RnV-main\testmhub\wavs\C_040_0001_door_corridor_LAO.wav,39,a folyosón nyisd ki az ajtót , a fejlősség is kezárda volt ,0.8333333333333334,0.6428571428571429,6,23
C:\Users\reaso\PycharmProjects\TestOriginalUrythmic\RnV-main\RnV-main\testmhub\wavs\C_040_0001_door_kitchen_AOL.wav,39,nyisd ki az ajtót a konyhába , nyisd ki az ajtót a gonyhába ,0.16666666666666666,0.03571428571428571,6,23
C:\Users\reaso\PycharmProjects\TestOriginalUrythmic\RnV-main\RnV-main\testmhub\wavs\C_040_0001_door_kitchen_LAO.wav,39,a konyhába nyisd ki az ajtót , akkor nyábran is szükséges az állatok ,0.8333333333333334,0.7857142857142857,6,23
C:\Users\reaso\PycharmProjects\TestOriginalUrythmic\RnV-main\RnV-main\testmhub\wavs\C_040_0001_door_livingroom_AOL.wav,39,nyisd ki az ajtót a nagyszobába , nézzük az arra hogy lesz a bárba ,1.0,0.6451612903225806,6,26
C:\Users\reaso\PycharmProjects\TestOriginalUrythmic\RnV-main\RnV-main\testmhub\wavs\C_040_0001_door_livingroom_LAO.wav,39,a nagyszobába nyisd ki az ajtót , hanem szabában iszkezált ott ,1.0,0.5806451612903226,6,26
C:\Users\reaso\PycharmProjects\TestOriginalUrythmic\RnV-main\RnV-main\testmhub\wavs\C_040_0001_door_room_AOL.wav,39,nyisd ki az ajtót a szobába , nézd ki a zajtót a szobával ,0.6666666666666666,0.25925925925925924,6,22
C:\Users\reaso\PycharmProjects\TestOriginalUrythmic\RnV-main\RnV-main\testmhub\wavs\C_040_0001_door_room_LAO.wav,39,a szobába nyisd ki az ajtót , a szabadban is történt az áldozat ,0.6666666666666666,0.7037037037037037,6,22
C:\Users\reaso\PycharmProjects\TestOriginalUrythmic\RnV-main\RnV-main\testmhub\wavs\C_040_0001_door_smallroom_AOL.wav,39,nyisd ki az ajtót a kisszobába , nyisd ki a zajtót a kiszobába ,0.5,0.1,6,25
C:\Users\reaso\PycharmProjects\TestOriginalUrythmic\RnV-main\RnV-main\testmhub\wavs\C_040_0001_door_smallroom_LAO.wav,39,a kisszobába nyisd ki az ajtót , a kész szobában nyisd ki az ajtót ,0.3333333333333333,0.13333333333333333,6,25
C:\Users\reaso\PycharmProjects\TestOriginalUrythmic\RnV-main\RnV-main\testmhub\wavs\C_040_0001_fan_bathroom_AOL.wav,39,kapcsold ki a ventilátort a fürdőszobába , kapcsolatot kell vendílától a bűnözőszobába ,0.8333333333333334,0.425,6,35
C:\Users\reaso\PycharmProjects\TestOriginalUrythmic\RnV-main\RnV-main\testmhub\wavs\C_040_0001_fan_bathroom_LAO.wav,39,a fürdőszobába kapcsold ki a ventilátort , a földön szobába kapcsolat kevendilától ,0.8333333333333334,0.375,6,35
C:\Users\reaso\PycharmProjects\TestOriginalUrythmic\RnV-main\RnV-main\testmhub\wavs\C_040_0001_fan_corridor_AOL.wav,39,kapcsold ki a ventilátort a folyosón , kapcsolódott ki a ventilátort a pajosón ,0.3333333333333333,0.2222222222222222,6,31
C:\Users\reaso\PycharmProjects\TestOriginalUrythmic\RnV-main\RnV-main\testmhub\wavs\C_040_0001_fan_corridor_LAO.wav,39,a folyosón kapcsold ki a ventilátort , a fősoron kapcsolódott keverj rát ott ,0.8333333333333334,0.4722222222222222,6,31
C:\Users\reaso\PycharmProjects\TestOriginalUrythmic\RnV-main\RnV-main\testmhub\wavs\C_040_0001_fan_kitchen_AOL.wav,39,kapcsold ki a ventilátort a konyhába , kapcsolatot kell vendíteni rá a konyhába ,0.6666666666666666,0.4166666666666667,6,31
C:\Users\reaso\PycharmProjects\TestOriginalUrythmic\RnV-main\RnV-main\testmhub\wavs\C_040_0001_fan_kitchen_LAO.wav,39,a konyhába kapcsold ki a ventilátort , a konyhába kapcsolod ki a ventilátort ,0.16666666666666666,0.027777777777777776,6,31
C:\Users\reaso\PycharmProjects\TestOriginalUrythmic\RnV-main\RnV-main\testmhub\wavs\C_040_0001_fan_livingroom_AOL.wav,39,kapcsold ki a ventilátort a nagyszobába , és ott kell hogy át tartozna a szobába ,1.1666666666666667,0.6410256410256411,6,34
C:\Users\reaso\PycharmProjects\TestOriginalUrythmic\RnV-main\RnV-main\testmhub\wavs\C_040_0001_fan_livingroom_LAO.wav,39,a nagyszobába kapcsold ki a ventilátort , annál tovább hogy kapcsolod ki a ventilátort ,0.6666666666666666,0.358974358974359,6,34
C:\Users\reaso\PycharmProjects\TestOriginalUrythmic\RnV-main\RnV-main\testmhub\wavs\C_040_0001_fan_room_AOL.wav,39,kapcsold ki a ventilátort a szobába , hát ott kell mert eltartott szobába ,0.8333333333333334,0.5428571428571428,6,30
C:\Users\reaso\PycharmProjects\TestOriginalUrythmic\RnV-main\RnV-main\testmhub\wavs\C_040_0001_fan_room_LAO.wav,39,a szobába kapcsold ki a ventilátort , a szabályban kapcsolt ki a mennyirázat ,0.5,0.34285714285714286,6,30
C:\Users\reaso\PycharmProjects\TestOriginalUrythmic\RnV-main\RnV-main\testmhub\wavs\C_040_0001_fan_smallroom_AOL.wav,39,kapcsold ki a ventilátort a kisszobába , kapcsolódt ki a ventilátornak két szobába ,0.6666666666666666,0.21052631578947367,6,33
C:\Users\reaso\PycharmProjects\TestOriginalUrythmic\RnV-main\RnV-main\testmhub\wavs\C_040_0001_fan_smallroom_LAO.wav,39,a kisszobába kapcsold ki a ventilátort , a kiszobába kapcsolatok elvendiráltat ,0.8333333333333334,0.3157894736842105,6,33
C:\Users\reaso\PycharmProjects\TestOriginalUrythmic\RnV-main\RnV-main\testmhub\wavs\C_040_0001_heating_bathroom_AOL.wav,39,kapcsold ki a fűtést a fürdőszobába , kapcsolat kérfű tészafűdő szobába ,1.0,0.37142857142857144,6,30
C:\Users\reaso\PycharmProjects\TestOriginalUrythmic\RnV-main\RnV-main\testmhub\wavs\C_040_0001_heating_bathroom_LAO.wav,39,a fürdőszobába kapcsold ki a fűtést , a főnök szabályokat köszöntök a főnöknek ,0.6666666666666666,0.7428571428571429,6,30
C:\Users\reaso\PycharmProjects\TestOriginalUrythmic\RnV-main\RnV-main\testmhub\wavs\C_040_0001_heating_corridor_AOL.wav,39,kapcsold ki a fűtést a folyosón , kapcsolat kefűtés na fős fogalm ,1.0,0.5161290322580645,6,26
C:\Users\reaso\PycharmProjects\TestOriginalUrythmic\RnV-main\RnV-main\testmhub\wavs\C_040_0001_heating_corridor_LAO.wav,39,a folyosón kapcsold ki a fűtést , a folyóssalunk kapsó tefejtőtést ,0.8333333333333334,0.5483870967741935,6,26
C:\Users\reaso\PycharmProjects\TestOriginalUrythmic\RnV-main\RnV-main\testmhub\wavs\C_040_0001_heating_kitchen_AOL.wav,39,kapcsold ki a fűtést a konyhába , kapcsolt ki a fűtét a konyhába ,0.3333333333333333,0.06451612903225806,6,26
C:\Users\reaso\PycharmProjects\TestOriginalUrythmic\RnV-main\RnV-main\testmhub\wavs\C_040_0001_heating_kitchen_LAO.wav,39,a konyhába kapcsold ki a fűtést , a konyhába kapcsolatokra a töjére is ,0.6666666666666666,0.41935483870967744,6,26
C:\Users\reaso\PycharmProjects\TestOriginalUrythmic\RnV-main\RnV-main\testmhub\wavs\C_040_0001_heating_livingroom_AOL.wav,39,kapcsold ki a fűtést a nagyszobába , kacsotkia hogy őt is tanázzal várva ,1.0,0.6764705882352942,6,29
C:\Users\reaso\PycharmProjects\TestOriginalUrythmic\RnV-main\RnV-main\testmhub\wavs\C_040_0001_heating_livingroom_LAO.wav,39,a nagyszobába kapcsold ki a fűtést , hát nem tudom állok e a kapcsolatkevődést ,1.0,0.7941176470588235,6,29
C:\Users\reaso\PycharmProjects\TestOriginalUrythmic\RnV-main\RnV-main\testmhub\wavs\C_040_0001_heating_room_AOL.wav,39,kapcsold ki a fűtést a szobába , kötött jövőt ért a covába ,0.8333333333333334,0.6333333333333333,6,25
C:\Users\reaso\PycharmProjects\TestOriginalUrythmic\RnV-main\RnV-main\testmhub\wavs\C_040_0001_heating_room_LAO.wav,39,a szobába kapcsold ki a fűtést , a szavába a kamcsot kevődést ,0.8333333333333334,0.4666666666666667,6,25
C:\Users\reaso\PycharmProjects\TestOriginalUrythmic\RnV-main\RnV-main\testmhub\wavs\C_040_0001_heating_smallroom_AOL.wav,39,kapcsold ki a fűtést a kisszobába , kapcsolt kevő tésztakészobába ,1.0,0.3333333333333333,6,28
C:\Users\reaso\PycharmProjects\TestOriginalUrythmic\RnV-main\RnV-main\testmhub\wavs\C_040_0001_heating_smallroom_LAO.wav,39,a kisszobába kapcsold ki a fűtést , a készobába kapcsolatja a védőt ,0.6666666666666666,0.3333333333333333,6,28
C:\Users\reaso\PycharmProjects\TestOriginalUrythmic\RnV-main\RnV-main\testmhub\wavs\C_040_0001_kettle_kitchen_AOL.wav,39,kapcsold ki a vízforralót a konyhába , kapcsolt ki a vízforgalmút a konyhába ,0.3333333333333333,0.1111111111111111,6,31
C:\Users\reaso\PycharmProjects\TestOriginalUrythmic\RnV-main\RnV-main\testmhub\wavs\C_040_0001_kettle_kitchen_LAO.wav,39,a konyhába kapcsold ki a vízforralót , hogy háló kapcsolat ki a biztos forraló ,0.8333333333333334,0.4444444444444444,6,31
C:\Users\reaso\PycharmProjects\TestOriginalUrythmic\RnV-main\RnV-main\testmhub\wavs\C_040_0001_NULL_NULL_A.wav,39,hívd fel a fiamat , hígy fel a fiamat ,0.25,0.11764705882352941,4,14
C:\Users\reaso\PycharmProjects\TestOriginalUrythmic\RnV-main\RnV-main\testmhub\wavs\C_040_0001_radio_bathroom_AOL.wav,39,kapcsold ki a rádiót a fürdőszobába , kapt csotki rádióta a fűdőszobába ,0.8333333333333334,0.2857142857142857,6,30
C:\Users\reaso\PycharmProjects\TestOriginalUrythmic\RnV-main\RnV-main\testmhub\wavs\C_040_0001_radio_bathroom_LAO.wav,39,a fürdőszobába kapcsold ki a rádiót , hasonló szobába kapcsolat kér rád józsef ,1.0,0.5142857142857142,6,30
C:\Users\reaso\PycharmProjects\TestOriginalUrythmic\RnV-main\RnV-main\testmhub\wavs\C_040_0001_radio_corridor_AOL.wav,39,kapcsold ki a rádiót a folyosón , kapcsolatférádi utapajosulón ,1.0,0.5483870967741935,6,26
C:\Users\reaso\PycharmProjects\TestOriginalUrythmic\RnV-main\RnV-main\testmhub\wavs\C_040_0001_radio_corridor_LAO.wav,39,a folyosón kapcsold ki a rádiót , a folyosónk abszolút félreállt jót ,0.8333333333333334,0.5806451612903226,6,26
C:\Users\reaso\PycharmProjects\TestOriginalUrythmic\RnV-main\RnV-main\testmhub\wavs\C_040_0001_radio_kitchen_AOL.wav,39,kapcsold ki a rádiót a konyhába , kapcsolt ki a rádiót a konyhából ,0.3333333333333333,0.0967741935483871,6,26
C:\Users\reaso\PycharmProjects\TestOriginalUrythmic\RnV-main\RnV-main\testmhub\wavs\C_040_0001_radio_kitchen_LAO.wav,39,a konyhába kapcsold ki a rádiót , akkor én hálapogom kapcsolat ki a rádióz ,0.8333333333333334,0.45161290322580644,6,26
C:\Users\reaso\PycharmProjects\TestOriginalUrythmic\RnV-main\RnV-main\testmhub\wavs\C_040_0001_radio_livingroom_AOL.wav,39,kapcsold ki a rádiót a nagyszobába , kacsotkér rád jót zonátszabávok ,1.0,0.5294117647058824,6,29
C:\Users\reaso\PycharmProjects\TestOriginalUrythmic\RnV-main\RnV-main\testmhub\wavs\C_040_0001_radio_livingroom_LAO.wav,39,a nagyszobába kapcsold ki a rádiót , a mászobába kapcsolt királyt jót ,0.8333333333333334,0.35294117647058826,6,29
C:\Users\reaso\PycharmProjects\TestOriginalUrythmic\RnV-main\RnV-main\testmhub\wavs\C_040_0001_radio_room_AOL.wav,39,kapcsold ki a rádiót a szobába , kölcsött kőrádió utacobába ,1.0,0.4666666666666667,6,25
C:\Users\reaso\PycharmProjects\TestOriginalUrythmic\RnV-main\RnV-main\testmhub\wavs\C_040_0001_radio_room_LAO.wav,39,a szobába kapcsold ki a rádió , a szabályokkal csodkő rádióhoz ,0.8333333333333334,0.5172413793103449,6,24
C:\Users\reaso\PycharmProjects\TestOriginalUrythmic\RnV-main\RnV-main\testmhub\wavs\C_040_0001_radio_smallroom_AOL.wav,39,kapcsold ki a rádiót a kisszobába , kapcsolatokja rádiótok visszavállaló ,1.0,0.42424242424242425,6,28
C:\Users\reaso\PycharmProjects\TestOriginalUrythmic\RnV-main\RnV-main\testmhub\wavs\C_040_0001_radio_smallroom_LAO.wav,39,a kisszobába kapcsold ki a rádiót , a kész szobába kapszott ki a rádiót ,0.5,0.21212121212121213,6,28
C:\Users\reaso\PycharmProjects\TestOriginalUrythmic\RnV-main\RnV-main\testmhub\wavs\C_040_0001_stove_kitchen_AOL.wav,39,kapcsold ki a gáztűzhelyet a konyhába , hogy tudod kényelmes hogy szeretem hogy hávam ,1.1666666666666667,0.8918918918918919,6,32
C:\Users\reaso\PycharmProjects\TestOriginalUrythmic\RnV-main\RnV-main\testmhub\wavs\C_040_0001_stove_kitchen_LAO.wav,39,a konyhába kapcsold ki a gáztűzhelyet , a gonyhába köpötött kő látszőz helyet,0.8333333333333334,0.40540540540540543,6,32
C:\Users\reaso\PycharmProjects\TestOriginalUrythmic\RnV-main\RnV-main\testmhub\wavs\C_040_0001_vacuum_bathroom_AOL.wav,39,kapcsold ki a porszívót a fürdőszobába , kapsadott képforszív volt a főzőszobában ,0.8333333333333334,0.4473684210526316,6,33
C:\Users\reaso\PycharmProjects\TestOriginalUrythmic\RnV-main\RnV-main\testmhub\wavs\C_040_0001_vacuum_bathroom_LAO.wav,39,a fürdőszobába kapcsold ki a porszívót , a főnözhó abban kapcsolatban hogy mi a volt érvód ,1.1666666666666667,0.7368421052631579,6,33
C:\Users\reaso\PycharmProjects\TestOriginalUrythmic\RnV-main\RnV-main\testmhub\wavs\C_040_0001_vacuum_corridor_AOL.wav,39,kapcsold ki a porszívót a folyosón , kapsottsz ki a parcibót a felszóon ,0.5,0.4411764705882353,6,29
C:\Users\reaso\PycharmProjects\TestOriginalUrythmic\RnV-main\RnV-main\testmhub\wavs\C_040_0001_vacuum_corridor_LAO.wav,39,a folyosón kapcsold ki a porszívót , a folyosón kapcsolatban ki a parcé volt ,0.5,0.3235294117647059,6,29
C:\Users\reaso\PycharmProjects\TestOriginalUrythmic\RnV-main\RnV-main\testmhub\wavs\C_040_0001_vacuum_kitchen_AOL.wav,39,kapcsold ki a porszívót a konyhába , kapcsolat ki a polci volt a konyhában ,0.6666666666666666,0.2647058823529412,6,29
C:\Users\reaso\PycharmProjects\TestOriginalUrythmic\RnV-main\RnV-main\testmhub\wavs\C_040_0001_vacuum_kitchen_LAO.wav,39,a konyhába kapcsold ki a porszívót , a vonhával kapcsolatban kiapasztalva volt ,0.8333333333333334,0.6176470588235294,6,29
C:\Users\reaso\PycharmProjects\TestOriginalUrythmic\RnV-main\RnV-main\testmhub\wavs\C_040_0001_vacuum_livingroom_AOL.wav,39,kapcsold ki a porszívót a nagyszobába , kapcsolt ki a folycív oltónál a szobába ,0.6666666666666666,0.40540540540540543,6,32
C:\Users\reaso\PycharmProjects\TestOriginalUrythmic\RnV-main\RnV-main\testmhub\wavs\C_040_0001_vacuum_livingroom_LAO.wav,39,a nagyszobába kapcsold ki a porszívót , az elszobába kapcsolatban kiappacsi volt ,1.0,0.4864864864864865,6,32
C:\Users\reaso\PycharmProjects\TestOriginalUrythmic\RnV-main\RnV-main\testmhub\wavs\C_040_0001_vacuum_room_AOL.wav,39,kapcsold ki a porszívót a szobába , kapcsolt ki a porfi volt a szobában ,0.6666666666666666,0.21212121212121213,6,28
C:\Users\reaso\PycharmProjects\TestOriginalUrythmic\RnV-main\RnV-main\testmhub\wavs\C_040_0001_vacuum_room_LAO.wav,39,a szobába kapcsold ki a porszívót , a szabályban kapcsolat kelt valószínű volt ,0.8333333333333334,0.5454545454545454,6,28
C:\Users\reaso\PycharmProjects\TestOriginalUrythmic\RnV-main\RnV-main\testmhub\wavs\C_040_0001_vacuum_smallroom_AOL.wav,39,kapcsold ki a porszívót a kisszobába , kapcsolt ki a porcig voltak ki szobába ,0.8333333333333334,0.2777777777777778,6,31
C:\Users\reaso\PycharmProjects\TestOriginalUrythmic\RnV-main\RnV-main\testmhub\wavs\C_040_0001_vacuum_smallroom_LAO.wav,39,a kisszobába kapcsold ki a porszívót , a készhabába kapcsolatban azért volt ,0.8333333333333334,0.4722222222222222,6,31
C:\Users\reaso\PycharmProjects\TestOriginalUrythmic\RnV-main\RnV-main\testmhub\wavs\C_040_0001_washing machine_bathroom_AOL.wav,39,kapcsold be a mosógépet harminc fokon a fürdőszobába , kapcsolod be mosógépet 30 fokon a fűzőszobába ,0.5,0.25,8,45
C:\Users\reaso\PycharmProjects\TestOriginalUrythmic\RnV-main\RnV-main\testmhub\wavs\C_040_0001_washing machine_bathroom_LAO.wav,39,a fürdőszobába kapcsold be a mosógépet harminc fokon , a főről szóval hogy most már csak épp egy halinszó fog gond ,1.375,0.75,8,45
C:\Users\reaso\PycharmProjects\TestOriginalUrythmic\RnV-main\RnV-main\testmhub\wavs\C_040_0001_washing machine_kitchen_AOL.wav,39,kapcsold be harminc fokon a mosógépet a konyhába , kapcsolod be 30 fokon a mosógéppel a gonyhába ,0.5,0.22916666666666666,8,41
C:\Users\reaso\PycharmProjects\TestOriginalUrythmic\RnV-main\RnV-main\testmhub\wavs\C_040_0001_washing machine_kitchen_LAO.wav,39,a konyhába kapcsold be a mosógépet harminc fokon , a konyháv kapcsolatban masógépe 30 ógon ,0.875,0.3958333333333333,8,41
C:\Users\reaso\PycharmProjects\TestOriginalUrythmic\RnV-main\RnV-main\testmhub\wavs\C_040_0001_window_bathroom_AOL.wav,39,nyisd ki az ablakot a fürdőszobába , nincs itt az ablakot a fülről szobába ,0.6666666666666666,0.3235294117647059,6,29
C:\Users\reaso\PycharmProjects\TestOriginalUrythmic\RnV-main\RnV-main\testmhub\wavs\C_040_0001_window_bathroom_LAO.wav,39,a fürdőszobába nyisd ki az ablakot , a földöszobá panítsuk a rabakot ,0.8333333333333334,0.4117647058823529,6,29
C:\Users\reaso\PycharmProjects\TestOriginalUrythmic\RnV-main\RnV-main\testmhub\wavs\C_040_0001_window_corridor_AOL.wav,39,nyisd ki az ablakot a folyosón , nincs hogy az ablakot a felszólal ,0.5,0.5,6,25
C:\Users\reaso\PycharmProjects\TestOriginalUrythmic\RnV-main\RnV-main\testmhub\wavs\C_040_0001_window_corridor_LAO.wav,39,a folyosón nyisd ki az ablakot , a felső annyi is hogy az ablakod ,0.8333333333333334,0.4666666666666667,6,25
C:\Users\reaso\PycharmProjects\TestOriginalUrythmic\RnV-main\RnV-main\testmhub\wavs\C_040_0001_window_kitchen_AOL.wav,39,nyisd ki az ablakot a konyhába , nyitjuk az ablakot a konyhába ,0.3333333333333333,0.13333333333333333,6,25
C:\Users\reaso\PycharmProjects\TestOriginalUrythmic\RnV-main\RnV-main\testmhub\wavs\C_040_0001_window_kitchen_LAO.wav,39,a konyhába nyisd ki az ablakot , a konyhában is kölepahod ,0.8333333333333334,0.43333333333333335,6,25
C:\Users\reaso\PycharmProjects\TestOriginalUrythmic\RnV-main\RnV-main\testmhub\wavs\C_040_0001_window_livingroom_AOL.wav,39,nyisd ki az ablakot a nagyszobába , nisztik az ablakot a nagyszobában ,0.5,0.18181818181818182,6,28
C:\Users\reaso\PycharmProjects\TestOriginalUrythmic\RnV-main\RnV-main\testmhub\wavs\C_040_0001_window_livingroom_LAO.wav,39,a nagyszobába nyisd ki az ablakot , hát az a bában is kell abba a hod ,1.3333333333333333,0.6666666666666666,6,28
C:\Users\reaso\PycharmProjects\TestOriginalUrythmic\RnV-main\RnV-main\testmhub\wavs\C_040_0001_window_room_AOL.wav,39,nyisd ki az ablakot a szobába , és közöbb a valóta szobába ,0.8333333333333334,0.4827586206896552,6,24
C:\Users\reaso\PycharmProjects\TestOriginalUrythmic\RnV-main\RnV-main\testmhub\wavs\C_040_0001_window_room_LAO.wav,39,a szobába nyisd ki az ablakot , a szobában is köllapakod ,0.8333333333333334,0.3793103448275862,6,24
C:\Users\reaso\PycharmProjects\TestOriginalUrythmic\RnV-main\RnV-main\testmhub\wavs\C_040_0001_window_smallroom_AOL.wav,39,nyisd ki az ablakot a kisszobába , nézd ki az ablakot a két szobába ,0.5,0.1875,6,27
C:\Users\reaso\PycharmProjects\TestOriginalUrythmic\RnV-main\RnV-main\testmhub\wavs\C_040_0001_window_smallroom_LAO.wav,39,a kisszobába nyisd ki az ablakot , a kész a bápa nincs kázabb a hóac ,1.1666666666666667,0.625,6,27
C:\Users\reaso\PycharmProjects\TestOriginalUrythmic\RnV-main\RnV-main\testmhub\wavs\C_040_0010_computer_bathroom_AOL.wav,39,kapcsold be a számítógépet a fürdőszobába , kapcsolt be a számítógéppel a főzomába ,0.5,0.1951219512195122,6,36
C:\Users\reaso\PycharmProjects\TestOriginalUrythmic\RnV-main\RnV-main\testmhub\wavs\C_040_0010_computer_bathroom_LAO.wav,39,a fürdőszobába kapcsold be a számítógépet , a főzőszobával kapcsolatban szándogéppel ,0.8333333333333334,0.3902439024390244,6,36
C:\Users\reaso\PycharmProjects\TestOriginalUrythmic\RnV-main\RnV-main\testmhub\wavs\C_040_0010_computer_corridor_AOL.wav,39,kapcsold be a számítógépet a folyosón , abszolút bár számít a gépet a felszólal ,0.8333333333333334,0.5135135135135135,6,32
C:\Users\reaso\PycharmProjects\TestOriginalUrythmic\RnV-main\RnV-main\testmhub\wavs\C_040_0010_computer_corridor_LAO.wav,39,a folyosón kapcsold be a számítógépet , a fajasolom kapcsolatban szándalgépen ,0.8333333333333334,0.4594594594594595,6,32
C:\Users\reaso\PycharmProjects\TestOriginalUrythmic\RnV-main\RnV-main\testmhub\wavs\C_040_0010_computer_kitchen_AOL.wav,39,kapcsold be a számítógépet a konyhába , abcsolodva a számítógépet a konyhába ,0.3333333333333333,0.16216216216216217,6,32
C:\Users\reaso\PycharmProjects\TestOriginalUrythmic\RnV-main\RnV-main\testmhub\wavs\C_040_0010_computer_kitchen_LAO.wav,39,a konyhába kapcsold be a számítógépet , a konyhába kapcsolatban számzalgéppel ,0.6666666666666666,0.2702702702702703,6,32
C:\Users\reaso\PycharmProjects\TestOriginalUrythmic\RnV-main\RnV-main\testmhub\wavs\C_040_0010_computer_kitchen_OAL.wav,39,a számítógépet kapcsold be a konyhába , a számítógépet kapcsolod be a konyhába ,0.16666666666666666,0.02702702702702703,6,32
C:\Users\reaso\PycharmProjects\TestOriginalUrythmic\RnV-main\RnV-main\testmhub\wavs\C_040_0010_computer_livingroom_AOL.wav,39,kapcsold be a számítógépet a nagyszobába , aztán a továbba ,0.8333333333333334,0.775,6,35
C:\Users\reaso\PycharmProjects\TestOriginalUrythmic\RnV-main\RnV-main\testmhub\wavs\C_040_0010_computer_livingroom_LAO.wav,39,a nagyszobába kapcsold be a számítógépet , az a szobába kapcsolódott de az államodó gép volt ,1.3333333333333333,0.525,6,35
C:\Users\reaso\PycharmProjects\TestOriginalUrythmic\RnV-main\RnV-main\testmhub\wavs\C_040_0010_computer_room_AOL.wav,39,kapcsold be a számítógépet a szobába , a kapcsolatban számít a gépet a szobába ,0.6666666666666666,0.2777777777777778,6,31
C:\Users\reaso\PycharmProjects\TestOriginalUrythmic\RnV-main\RnV-main\testmhub\wavs\C_040_0010_computer_room_LAO.wav,39,a szobába kapcsold be a számítógépet , a szobába kapcsolatban számzolgálják ,0.6666666666666666,0.3611111111111111,6,31
C:\Users\reaso\PycharmProjects\TestOriginalUrythmic\RnV-main\RnV-main\testmhub\wavs\C_040_0010_computer_room_LOA.wav,39,a szobába a számítógépet kapcsold be , a szobába aztán mindenki éppet kapcsolta a zár ,1.0,0.5833333333333334,6,31
C:\Users\reaso\PycharmProjects\TestOriginalUrythmic\RnV-main\RnV-main\testmhub\wavs\C_040_0010_computer_smallroom_AOL.wav,39,kapcsold be a számítógépet a kiszobába , kapcsolatban számítógépet a kiszabállal ,0.6666666666666666,0.23684210526315788,6,33
C:\Users\reaso\PycharmProjects\TestOriginalUrythmic\RnV-main\RnV-main\testmhub\wavs\C_040_0010_computer_smallroom_LAO.wav,39,a kisszobába kapcsold be a számítógépet , a kézszobában kapcsolatban a számítógépen ,0.6666666666666666,0.20512820512820512,6,34
C:\Users\reaso\PycharmProjects\TestOriginalUrythmic\RnV-main\RnV-main\testmhub\wavs\C_040_0010_computer_smallroom_LOA.wav,39,a kisszobába a számítógépet kapcsold be , a készobával számítógépet kapcsoltál ,0.6666666666666666,0.23076923076923078,6,34
C:\Users\reaso\PycharmProjects\TestOriginalUrythmic\RnV-main\RnV-main\testmhub\wavs\C_040_0010_curtain_bathroom_AOL.wav,39,húzd be a függönyt a fürdőszobába , húzva függődj a vöröszobába ,0.8333333333333334,0.3939393939393939,6,28
C:\Users\reaso\PycharmProjects\TestOriginalUrythmic\RnV-main\RnV-main\testmhub\wavs\C_040_0010_curtain_bathroom_LAO.wav,39,a fürdőszobába húzd be a függönyt , a főnök szobába húzva főbeens ,0.8333333333333334,0.48484848484848486,6,28
C:\Users\reaso\PycharmProjects\TestOriginalUrythmic\RnV-main\RnV-main\testmhub\wavs\C_040_0010_curtain_corridor_AOL.wav,39,húzd be a függönyt a folyosón , 20 ban függő hogy te folyosol ,1.0,0.5862068965517241,6,24
C:\Users\reaso\PycharmProjects\TestOriginalUrythmic\RnV-main\RnV-main\testmhub\wavs\C_040_0010_curtain_corridor_LAO.wav,39,a folyosón húzd be a függönyt , a főszón húzba függönt ,0.8333333333333334,0.3448275862068966,6,24
C:\Users\reaso\PycharmProjects\TestOriginalUrythmic\RnV-main\RnV-main\testmhub\wavs\C_040_0010_curtain_kitchen_AOL.wav,39,húzd be a függönyt a konyhába , hozzáfőgönt a konyhába ,0.6666666666666666,0.3793103448275862,6,24
C:\Users\reaso\PycharmProjects\TestOriginalUrythmic\RnV-main\RnV-main\testmhub\wavs\C_040_0010_curtain_kitchen_LAO.wav,39,a konyhába húzd be a függönyt , a konyhába húzva függönt ,0.6666666666666666,0.20689655172413793,6,24
C:\Users\reaso\PycharmProjects\TestOriginalUrythmic\RnV-main\RnV-main\testmhub\wavs\C_040_0010_curtain_livingroom_AOL.wav,39,húzd be a függönyt a nagyszobába , húzból függőnk az atavába ,1.0,0.5,6,27
C:\Users\reaso\PycharmProjects\TestOriginalUrythmic\RnV-main\RnV-main\testmhub\wavs\C_040_0010_curtain_livingroom_LAO.wav,39,a nagyszobába húzd be a függönyt , a nőcobába húzva függönt ,0.8333333333333334,0.34375,6,27
C:\Users\reaso\PycharmProjects\TestOriginalUrythmic\RnV-main\RnV-main\testmhub\wavs\C_040_0010_curtain_room_AOL.wav,39,húzd be a függönyt a szobába , húzba a függőnk a szobába ,0.5,0.21428571428571427,6,23
C:\Users\reaso\PycharmProjects\TestOriginalUrythmic\RnV-main\RnV-main\testmhub\wavs\C_040_0010_curtain_room_LAO.wav,39,a szobába húzd be a függönyt , az habába húzva föld ,1.0,0.5357142857142857,6,23
C:\Users\reaso\PycharmProjects\TestOriginalUrythmic\RnV-main\RnV-main\testmhub\wavs\C_040_0010_curtain_smallroom_AOL.wav,39,húzd be a függönyt a kisszobába , húzva a figőnök készobába ,0.8333333333333334,0.41935483870967744,6,26
C:\Users\reaso\PycharmProjects\TestOriginalUrythmic\RnV-main\RnV-main\testmhub\wavs\C_040_0010_curtain_smallroom_LAO.wav,39,a kisszobába húzd be a függönyt , a kész szobába hozva fölönt ,0.8333333333333334,0.41935483870967744,6,26
C:\Users\reaso\PycharmProjects\TestOriginalUrythmic\RnV-main\RnV-main\testmhub\wavs\C_040_0010_dishwasher_kitchen_AOL.wav,39,kapcsold be a mosogatógépet a konyhába , kapcsolatban most fogatok épp ezekonnyába ,1.0,0.47368421052631576,6,33
C:\Users\reaso\PycharmProjects\TestOriginalUrythmic\RnV-main\RnV-main\testmhub\wavs\C_040_0010_dishwasher_kitchen_LAO.wav,39,a konyhába kapcsold be a mosogatógépet , a konyhával kapcsolatban most soha lógi a pát ,1.0,0.47368421052631576,6,33
C:\Users\reaso\PycharmProjects\TestOriginalUrythmic\RnV-main\RnV-main\testmhub\wavs\C_040_0010_door_bathroom_AOL.wav,39,zárd be az ajtót a fürdőszobába , zeld be az ajtót a főről szabályba ,0.5,0.2903225806451613,6,26
C:\Users\reaso\PycharmProjects\TestOriginalUrythmic\RnV-main\RnV-main\testmhub\wavs\C_040_0010_door_bathroom_LAO.wav,39,a fürdőszobába zárd be az ajtót , a földös szobába szállt az ajtaut ,0.6666666666666666,0.41935483870967744,6,26
C:\Users\reaso\PycharmProjects\TestOriginalUrythmic\RnV-main\RnV-main\testmhub\wavs\C_040_0010_door_corridor_AOL.wav,39,zárd be az ajtót a folyosón , tehát az ajtót a főszón ,0.5,0.4444444444444444,6,22
C:\Users\reaso\PycharmProjects\TestOriginalUrythmic\RnV-main\RnV-main\testmhub\wavs\C_040_0010_door_corridor_LAO.wav,39,a folyosón zárd be az ajtót , a folyamatos vonzátba zajlódó ,0.8333333333333334,0.6296296296296297,6,22
C:\Users\reaso\PycharmProjects\TestOriginalUrythmic\RnV-main\RnV-main\testmhub\wavs\C_040_0010_door_kitchen_AOL.wav,39,zárd be az ajtót a konyhába , zártban zajtott a konyhába ,0.6666666666666666,0.2962962962962963,6,22
C:\Users\reaso\PycharmProjects\TestOriginalUrythmic\RnV-main\RnV-main\testmhub\wavs\C_040_0010_door_kitchen_LAO.wav,39,a konyhába zárd be az ajtót , a konyhába szállt az által ,0.5,0.37037037037037035,6,22
C:\Users\reaso\PycharmProjects\TestOriginalUrythmic\RnV-main\RnV-main\testmhub\wavs\C_040_0010_door_livingroom_AOL.wav,39,zárd be az ajtót a nagyszobába , szeretném az ajtót otthon nagy tovább ,0.8333333333333334,0.5666666666666667,6,25
C:\Users\reaso\PycharmProjects\TestOriginalUrythmic\RnV-main\RnV-main\testmhub\wavs\C_040_0010_door_livingroom_LAO.wav,39,a nagyszobába zárd be az ajtót , a nászobában szárt fel az ajtót ,0.5,0.26666666666666666,6,25
C:\Users\reaso\PycharmProjects\TestOriginalUrythmic\RnV-main\RnV-main\testmhub\wavs\C_040_0010_door_room_AOL.wav,39,zárd be az ajtót a szobába , ez átbazalt ott a szobába ,0.6666666666666666,0.46153846153846156,6,21
C:\Users\reaso\PycharmProjects\TestOriginalUrythmic\RnV-main\RnV-main\testmhub\wavs\C_040_0010_door_room_LAO.wav,39,a szobába zárd be az ajtót , a szobában zártban zajtolt ,0.8333333333333334,0.34615384615384615,6,21
C:\Users\reaso\PycharmProjects\TestOriginalUrythmic\RnV-main\RnV-main\testmhub\wavs\C_040_0010_door_smallroom_AOL.wav,39,zárd be az ajtót a kisszobába , az elvazadót a kív szobába ,0.8333333333333334,0.4482758620689655,6,24
C:\Users\reaso\PycharmProjects\TestOriginalUrythmic\RnV-main\RnV-main\testmhub\wavs\C_040_0010_door_smallroom_LAO.wav,39,a kisszobába zárd be az ajtót , aki szobába zárt be a zajtaót ,0.8333333333333334,0.20689655172413793,6,24
C:\Users\reaso\PycharmProjects\TestOriginalUrythmic\RnV-main\RnV-main\testmhub\wavs\C_040_0010_fan_bathroom_AOL.wav,39,kapcsold be a ventilátort a fürdőszobába , kacsotban wendy átvolt a fürdőszobába ,0.6666666666666666,0.325,6,35
C:\Users\reaso\PycharmProjects\TestOriginalUrythmic\RnV-main\RnV-main\testmhub\wavs\C_040_0010_fan_bathroom_LAO.wav,39,a fürdőszobába kapcsold be a ventilátort , a földről szobába kapcsolatban a ventilátor ,0.6666666666666666,0.25,6,35
C:\Users\reaso\PycharmProjects\TestOriginalUrythmic\RnV-main\RnV-main\testmhub\wavs\C_040_0010_fan_corridor_AOL.wav,39,kapcsold be a ventilátort a folyosón , kapcsolod be a ventilátort a felsőon ,0.3333333333333333,0.16666666666666666,6,31
C:\Users\reaso\PycharmProjects\TestOriginalUrythmic\RnV-main\RnV-main\testmhub\wavs\C_040_0010_fan_corridor_LAO.wav,39,a folyosón kapcsold be a ventilátort , a fajoson kapcsolatban a bendi lázolt ,0.8333333333333334,0.3611111111111111,6,31
C:\Users\reaso\PycharmProjects\TestOriginalUrythmic\RnV-main\RnV-main\testmhub\wavs\C_040_0010_fan_kitchen_AOL.wav,39,kapcsold be a ventilátort a konyhába , kapcsolatban vendíláltad a konyhába ,0.6666666666666666,0.3055555555555556,6,31
C:\Users\reaso\PycharmProjects\TestOriginalUrythmic\RnV-main\RnV-main\testmhub\wavs\C_040_0010_fan_kitchen_LAO.wav,39,a konyhába kapcsold be a ventilátort , konyhába kapcsolt be a ventilátor ,0.5,0.1111111111111111,6,31
C:\Users\reaso\PycharmProjects\TestOriginalUrythmic\RnV-main\RnV-main\testmhub\wavs\C_040_0010_fan_livingroom_AOL.wav,39,kapcsold be a ventilátort a nagyszobába , kapcsolatban a vendirától a nagy továbbal ,0.8333333333333334,0.358974358974359,6,34
C:\Users\reaso\PycharmProjects\TestOriginalUrythmic\RnV-main\RnV-main\testmhub\wavs\C_040_0010_fan_livingroom_LAO.wav,39,a nagyszobába kapcsold be a ventilátort , a nagy továbbak kapcsolatban a bennirától ,0.6666666666666666,0.38461538461538464,6,34
C:\Users\reaso\PycharmProjects\TestOriginalUrythmic\RnV-main\RnV-main\testmhub\wavs\C_040_0010_fan_room_AOL.wav,39,kapcsold be a ventilátort a szobába , kapcsolatban bendi látott a továbbal ,0.8333333333333334,0.4,6,30
C:\Users\reaso\PycharmProjects\TestOriginalUrythmic\RnV-main\RnV-main\testmhub\wavs\C_040_0010_fan_room_LAO.wav,39,a szobába kapcsold be a ventilátort , a szomába kapcsolatban megjelent ,0.8333333333333334,0.4,6,30
C:\Users\reaso\PycharmProjects\TestOriginalUrythmic\RnV-main\RnV-main\testmhub\wavs\C_040_0010_fan_smallroom_AOL.wav,39,kapcsold be a ventilátort a kisszobába , kapcsolatban bendi láthat a kész szobába ,1.0,0.34210526315789475,6,33
C:\Users\reaso\PycharmProjects\TestOriginalUrythmic\RnV-main\RnV-main\testmhub\wavs\C_040_0010_fan_smallroom_LAO.wav,39,a kisszobába kapcsold be a ventilátort , a két szobában kapcsolódva a pendulátor ,0.6666666666666666,0.3157894736842105,6,33
C:\Users\reaso\PycharmProjects\TestOriginalUrythmic\RnV-main\RnV-main\testmhub\wavs\C_040_0010_heating_bathroom_AOL.wav,39,kapcsold be a fűtést a fürdőszobába , kapcsolva a fűtést a fűrőszobába ,0.5,0.17142857142857143,6,30
C:\Users\reaso\PycharmProjects\TestOriginalUrythmic\RnV-main\RnV-main\testmhub\wavs\C_040_0010_heating_bathroom_LAO.wav,39,a fürdőszobába kapcsold be a fűtést , a fürdőszobába kapcsolatban a fürdést ,0.5,0.2,6,30
C:\Users\reaso\PycharmProjects\TestOriginalUrythmic\RnV-main\RnV-main\testmhub\wavs\C_040_0010_heating_corridor_AOL.wav,39,kapcsold be a fűtést a folyosón , kapcsolatban a fűtést a fősoron ,0.5,0.2903225806451613,6,26
C:\Users\reaso\PycharmProjects\TestOriginalUrythmic\RnV-main\RnV-main\testmhub\wavs\C_040_0010_heating_corridor_LAO.wav,39,a folyosón kapcsold be a fűtés , a folyosónk a csodalmi fény ,0.8333333333333334,0.43333333333333335,6,25
C:\Users\reaso\PycharmProjects\TestOriginalUrythmic\RnV-main\RnV-main\testmhub\wavs\C_040_0010_heating_kitchen_AOL.wav,39,kapcsold be a fűtést a konyhába , kapcsolatban a főtét ronyhával ,0.8333333333333334,0.3548387096774194,6,26
C:\Users\reaso\PycharmProjects\TestOriginalUrythmic\RnV-main\RnV-main\testmhub\wavs\C_040_0010_heating_kitchen_LAO.wav,39,a konyhába kapcsold be a fűtést , akkora nyárba kapcsolt bármi tesz ,1.0,0.4838709677419355,6,26
C:\Users\reaso\PycharmProjects\TestOriginalUrythmic\RnV-main\RnV-main\testmhub\wavs\C_040_0010_heating_livingroom_AOL.wav,39,kapcsold be a fűtést a nagyszobába , köszönöm a főtét szóval családok ,0.8333333333333334,0.7058823529411765,6,29
C:\Users\reaso\PycharmProjects\TestOriginalUrythmic\RnV-main\RnV-main\testmhub\wavs\C_040_0010_heating_livingroom_LAO.wav,39,a nagyszobába kapcsold be a fűtés , az át szobába kapjad már fűtést ,1.0,0.42424242424242425,6,28
C:\Users\reaso\PycharmProjects\TestOriginalUrythmic\RnV-main\RnV-main\testmhub\wavs\C_040_0010_heating_room_AOL.wav,39,kapcsold be a fűtést a szobába , kapcsolod be a fűtést a szobába ,0.16666666666666666,0.03333333333333333,6,25
C:\Users\reaso\PycharmProjects\TestOriginalUrythmic\RnV-main\RnV-main\testmhub\wavs\C_040_0010_heating_room_LAO.wav,39,a szobába kapcsold be a fűtést , a szobába kapcsolatban a fűtést ,0.3333333333333333,0.13333333333333333,6,25
C:\Users\reaso\PycharmProjects\TestOriginalUrythmic\RnV-main\RnV-main\testmhub\wavs\C_040_0010_heating_smallroom_AOL.wav,39,kapcsold be a fűtést a kisszobába , kapcsolatban a főtér is a kézszobában ,0.8333333333333334,0.36363636363636365,6,28
C:\Users\reaso\PycharmProjects\TestOriginalUrythmic\RnV-main\RnV-main\testmhub\wavs\C_040_0010_heating_smallroom_LAO.wav,39,a kisszobába kapcsold be a fűtést , a két szobába kapcsolatban a fűtés ,0.6666666666666666,0.24242424242424243,6,28
C:\Users\reaso\PycharmProjects\TestOriginalUrythmic\RnV-main\RnV-main\testmhub\wavs\C_040_0010_kettle_kitchen_AOL.wav,39,kapcsold be a vízforralót a konyhába , kapcsolatban visszavaró tehogy hápa ,1.0,0.5277777777777778,6,31
C:\Users\reaso\PycharmProjects\TestOriginalUrythmic\RnV-main\RnV-main\testmhub\wavs\C_040_0010_kettle_kitchen_LAO.wav,39,a konyhába kapcsold be a vízforralót , a gondhába kapcsolatban is forraló ,0.8333333333333334,0.3055555555555556,6,31
C:\Users\reaso\PycharmProjects\TestOriginalUrythmic\RnV-main\RnV-main\testmhub\wavs\C_040_0010_kettle_kitchen_LOA.wav,39,a konyhába a vízforralót kapcsold be , a gónyhába a bízfúrnak lózkapzott ,0.6666666666666666,0.4444444444444444,6,31
C:\Users\reaso\PycharmProjects\TestOriginalUrythmic\RnV-main\RnV-main\testmhub\wavs\C_040_0010_NULL_NULL_A.wav,39,hívd fel a lányomat , hí te fel lányoma ,1.0,0.3157894736842105,4,16
C:\Users\reaso\PycharmProjects\TestOriginalUrythmic\RnV-main\RnV-main\testmhub\wavs\C_040_0010_radio_bathroom_AOL.wav,39,kapcsold be a rádiót a fürdőszobába , kapcsolatban rád jött a főnő szavába ,1.0,0.42857142857142855,6,30
C:\Users\reaso\PycharmProjects\TestOriginalUrythmic\RnV-main\RnV-main\testmhub\wavs\C_040_0010_radio_bathroom_LAO.wav,39,a fürdőszobába kapcsold be a rádiót , a füldőszobávó kapcsolatban rádióhoz ,0.8333333333333334,0.3142857142857143,6,30
C:\Users\reaso\PycharmProjects\TestOriginalUrythmic\RnV-main\RnV-main\testmhub\wavs\C_040_0010_radio_corridor_AOL.wav,39,kapcsold be a rádiót a folyosón , kapcsolatban a rádió tavalyoson ,0.8333333333333334,0.3225806451612903,6,26
C:\Users\reaso\PycharmProjects\TestOriginalUrythmic\RnV-main\RnV-main\testmhub\wavs\C_040_0010_radio_corridor_LAO.wav,39,a folyosón kapcsold be a rádiót , a földös fon kapcsolatban ráadió ,0.8333333333333334,0.41935483870967744,6,26
C:\Users\reaso\PycharmProjects\TestOriginalUrythmic\RnV-main\RnV-main\testmhub\wavs\C_040_0010_radio_kitchen_AOL.wav,39,kapcsold be a rádiót a konyhába , kapcsolatbel rádióta konyhába ,0.8333333333333334,0.16129032258064516,6,26
C:\Users\reaso\PycharmProjects\TestOriginalUrythmic\RnV-main\RnV-main\testmhub\wavs\C_040_0010_radio_kitchen_LAO.wav,39,a konyhába kapcsold be a rádiót , golyó kapcsolatban ráadjult ,1.0,0.5483870967741935,6,26
C:\Users\reaso\PycharmProjects\TestOriginalUrythmic\RnV-main\RnV-main\testmhub\wavs\C_040_0010_radio_livingroom_AOL.wav,39,kapcsold be a rádiót a nagyszobába , köszönöm hogy megnéztétek ,1.0,0.8235294117647058,6,29
C:\Users\reaso\PycharmProjects\TestOriginalUrythmic\RnV-main\RnV-main\testmhub\wavs\C_040_0010_radio_livingroom_LAO.wav,39,a nagyszobába kapcsold be a rádiót , na szóval bármilyen kapcsolatban rád jól ,1.0,0.6764705882352942,6,29
C:\Users\reaso\PycharmProjects\TestOriginalUrythmic\RnV-main\RnV-main\testmhub\wavs\C_040_0010_radio_room_AOL.wav,39,kapcsold be a rádiót a szobába , kapcsolatban ráadjátok az omával ,1.0,0.5,6,25
C:\Users\reaso\PycharmProjects\TestOriginalUrythmic\RnV-main\RnV-main\testmhub\wavs\C_040_0010_radio_room_LAO.wav,39,a szobába kapcsold be a rádiót , a szobában kapcsolódva a rádiót ,0.5,0.16666666666666666,6,25
C:\Users\reaso\PycharmProjects\TestOriginalUrythmic\RnV-main\RnV-main\testmhub\wavs\C_040_0010_radio_smallroom_AOL.wav,39,kapcsold be a rádiót a kisszobába , kapszatban rádióltak ki szobába ,1.0,0.36363636363636365,6,28
C:\Users\reaso\PycharmProjects\TestOriginalUrythmic\RnV-main\RnV-main\testmhub\wavs\C_040_0010_radio_smallroom_LAO.wav,39,a kisszobába kapcsold be a rádiót , a készobámban kapcsolatban rádióz ,0.8333333333333334,0.30303030303030304,6,28
C:\Users\reaso\PycharmProjects\TestOriginalUrythmic\RnV-main\RnV-main\testmhub\wavs\C_040_0010_stove_kitchen_AOL.wav,39,kapcsold be a gáztűzhelyt a konyhába , kapcsolatban gázhőz helytek anyhára ,1.0,0.3611111111111111,6,31
C:\Users\reaso\PycharmProjects\TestOriginalUrythmic\RnV-main\RnV-main\testmhub\wavs\C_040_0010_stove_kitchen_LAO.wav,39,a konyhába kapcsold be a gáztűzhelyt , a konyhába kapcsolódva a gászőszhegy ,0.5,0.25,6,31
C:\Users\reaso\PycharmProjects\TestOriginalUrythmic\RnV-main\RnV-main\testmhub\wavs\C_040_0010_toaster_kitchen_AOL.wav,39,kapcsold be a kenyérpirítót a konyhába , kapcsolatban kell jeppi létre a konyhába ,0.6666666666666666,0.42105263157894735,6,33
C:\Users\reaso\PycharmProjects\TestOriginalUrythmic\RnV-main\RnV-main\testmhub\wavs\C_040_0010_toaster_kitchen_LAO.wav,39,a konyhába kapcsold be a kenyérpirítót , konyhába kapcsolt bárkányai pillanatok ,0.8333333333333334,0.47368421052631576,6,33
C:\Users\reaso\PycharmProjects\TestOriginalUrythmic\RnV-main\RnV-main\testmhub\wavs\C_040_0010_vacuum_bathroom_AOL.wav,39,kapcsold be a porszívót a fürdőszobába , kapsadva a porciai voltak józsef szobába ,1.0,0.5789473684210527,6,33
C:\Users\reaso\PycharmProjects\TestOriginalUrythmic\RnV-main\RnV-main\testmhub\wavs\C_040_0010_vacuum_bathroom_LAO.wav,39,a fürdőszobába kapcsold be a porszívót , a vördöszobában kapcsolatban a partjé volt ,0.8333333333333334,0.39473684210526316,6,33
C:\Users\reaso\PycharmProjects\TestOriginalUrythmic\RnV-main\RnV-main\testmhub\wavs\C_040_0010_vacuum_corridor_AOL.wav,39,kapcsold be a porszívót a folyosón , kapcsolódó a porci volt a főzés volna ,1.0,0.5294117647058824,6,29
C:\Users\reaso\PycharmProjects\TestOriginalUrythmic\RnV-main\RnV-main\testmhub\wavs\C_040_0010_vacuum_corridor_LAO.wav,39,a folyosón kapcsold be a porszívót , a folyosóban kapcsolatban kválszik volt,0.8333333333333334,0.47058823529411764,6,29
C:\Users\reaso\PycharmProjects\TestOriginalUrythmic\RnV-main\RnV-main\testmhub\wavs\C_040_0010_vacuum_kitchen_AOL.wav,39,kapcsold be a porszívót a konyhába , kapcsolatban polfi volt a konyhápa ,0.8333333333333334,0.35294117647058826,6,29
C:\Users\reaso\PycharmProjects\TestOriginalUrythmic\RnV-main\RnV-main\testmhub\wavs\C_040_0010_vacuum_kitchen_LAO.wav,39,a konyhába kapcsold be a porszívót , a konyhába kapcsolatban pár szébor ,0.6666666666666666,0.3235294117647059,6,29
C:\Users\reaso\PycharmProjects\TestOriginalUrythmic\RnV-main\RnV-main\testmhub\wavs\C_040_0010_vacuum_livingroom_AOL.wav,39,kapcsold be a porszívót a nagyszobába , kapcsolatban a porti volt oda a szobában ,1.0,0.40540540540540543,6,32
C:\Users\reaso\PycharmProjects\TestOriginalUrythmic\RnV-main\RnV-main\testmhub\wavs\C_040_0010_vacuum_livingroom_LAO.wav,39,a nagyszobába kapcsold be a porszívót , az összobában kapcsolatban falszi volt ,1.0,0.4864864864864865,6,32
C:\Users\reaso\PycharmProjects\TestOriginalUrythmic\RnV-main\RnV-main\testmhub\wavs\C_040_0010_vacuum_room_AOL.wav,39,kapcsold be a porszívót a szobába , kapcsolatban a porci volt a szobában ,0.8333333333333334,0.30303030303030304,6,28
C:\Users\reaso\PycharmProjects\TestOriginalUrythmic\RnV-main\RnV-main\testmhub\wavs\C_040_0010_vacuum_room_LAO.wav,39,a szobába kapcsold be a porszívót , a szavával kapcsolatban kvacé volt ,0.8333333333333334,0.5151515151515151,6,28
C:\Users\reaso\PycharmProjects\TestOriginalUrythmic\RnV-main\RnV-main\testmhub\wavs\C_040_0010_vacuum_smallroom_AOL.wav,39,kapcsold be a porszívót a kisszobába , kapcsolódva a polcél volt a kész szobában ,1.0,0.4166666666666667,6,31
C:\Users\reaso\PycharmProjects\TestOriginalUrythmic\RnV-main\RnV-main\testmhub\wavs\C_040_0010_vacuum_smallroom_LAO.wav,39,a kisszobába kapcsold be a porszívót , a kész szobába kapcsolatban valószínű volt ,0.8333333333333334,0.4722222222222222,6,31
C:\Users\reaso\PycharmProjects\TestOriginalUrythmic\RnV-main\RnV-main\testmhub\wavs\C_040_0010_washing machine_bathroom_AOL.wav,39,kapcsold be hatvan fokon a mosógépet a fürdőszobába , kapcsolt be 60 volt volna mosógépett a fülőszobába ,0.75,0.27450980392156865,8,44
C:\Users\reaso\PycharmProjects\TestOriginalUrythmic\RnV-main\RnV-main\testmhub\wavs\C_040_0010_washing machine_bathroom_LAO.wav,39,a fürdőszobába kapcsold be a mosógépet hatvan fokon , a fürdőszobában kapcsolatban mosó gépet 60 fokban ,0.875,0.29411764705882354,8,44
C:\Users\reaso\PycharmProjects\TestOriginalUrythmic\RnV-main\RnV-main\testmhub\wavs\C_040_0010_washing machine_kitchen_AOL.wav,39,kapcsold be a mosógépet hatvan fokon a konyhába , kapcsolatban most a lépett 60 fokon a konyhában ,0.625,0.3617021276595745,8,40
C:\Users\reaso\PycharmProjects\TestOriginalUrythmic\RnV-main\RnV-main\testmhub\wavs\C_040_0010_washing machine_kitchen_LAO.wav,39,a konyhába kapcsold be a mosógépet hatvan fokon , a konyhával kapcsolatban mosóképe áthatva a vagon ,0.875,0.3404255319148936,8,40
C:\Users\reaso\PycharmProjects\TestOriginalUrythmic\RnV-main\RnV-main\testmhub\wavs\C_040_0010_window_bathroom_AOL.wav,39,zárd be az ablakot a fürdőszobába , zárd be az abrakat a földön szobában ,0.5,0.24242424242424243,6,28
C:\Users\reaso\PycharmProjects\TestOriginalUrythmic\RnV-main\RnV-main\testmhub\wavs\C_040_0010_window_bathroom_LAO.wav,39,a fürdőszobába zárd be az ablakot , a főnök szobában zárva az ablakhoz ,0.6666666666666666,0.36363636363636365,6,28
C:\Users\reaso\PycharmProjects\TestOriginalUrythmic\RnV-main\RnV-main\testmhub\wavs\C_040_0010_window_corridor_AOL.wav,39,zárd be az ablakot a folyosón , rád valamit a felszólalom ,0.8333333333333334,0.6896551724137931,6,24
C:\Users\reaso\PycharmProjects\TestOriginalUrythmic\RnV-main\RnV-main\testmhub\wavs\C_040_0010_window_corridor_LAO.wav,39,a folyosón zárd be az ablakot , akkor most vonzát van ablakodva ,1.0,0.6551724137931034,6,24
C:\Users\reaso\PycharmProjects\TestOriginalUrythmic\RnV-main\RnV-main\testmhub\wavs\C_040_0010_window_kitchen_AOL.wav,39,zárd be az ablakot a konyhába , záll be az ablakot a panhába ,0.3333333333333333,0.1724137931034483,6,24
C:\Users\reaso\PycharmProjects\TestOriginalUrythmic\RnV-main\RnV-main\testmhub\wavs\C_040_0010_window_kitchen_LAO.wav,39,a konyhába zárd be az ablakot , a konyhába zárt az ablakod ,0.5,0.1724137931034483,6,24
C:\Users\reaso\PycharmProjects\TestOriginalUrythmic\RnV-main\RnV-main\testmhub\wavs\C_040_0010_window_livingroom_AOL.wav,39,zárd be az ablakot a nagyszobába , rád van zavrakodóan a szabába ,0.8333333333333334,0.5,6,27
C:\Users\reaso\PycharmProjects\TestOriginalUrythmic\RnV-main\RnV-main\testmhub\wavs\C_040_0010_window_livingroom_LAO.wav,39,a nagyszobába zárd be az ablakot , a mászobában szállt van az ablakod ,0.6666666666666666,0.40625,6,27
C:\Users\reaso\PycharmProjects\TestOriginalUrythmic\RnV-main\RnV-main\testmhub\wavs\C_040_0010_window_room_AOL.wav,39,zárd be az ablakot a szobába , zárd be az abrakat a szobába ,0.16666666666666666,0.07142857142857142,6,23
C:\Users\reaso\PycharmProjects\TestOriginalUrythmic\RnV-main\RnV-main\testmhub\wavs\C_040_0010_window_room_LAO.wav,39,a szobába zárd be az ablakot , szóval abban szállt valamire hol ,1.0,0.8928571428571429,6,23
C:\Users\reaso\PycharmProjects\TestOriginalUrythmic\RnV-main\RnV-main\testmhub\wavs\C_040_0010_window_smallroom_AOL.wav,39,zárd be az ablakot a kisszobába , tehát van az abrakat a kiszobában ,0.6666666666666666,0.3870967741935484,6,26
C:\Users\reaso\PycharmProjects\TestOriginalUrythmic\RnV-main\RnV-main\testmhub\wavs\C_040_0010_window_smallroom_LAO.wav,39,a kisszobába zárd be az ablakot , a kiszomába szárkasz ablakon ,0.8333333333333334,0.3225806451612903,6,26
C:\Users\reaso\PycharmProjects\TestOriginalUrythmic\RnV-main\RnV-main\testmhub\wavs\C_040_0100_electricity_corridor_AOL.wav,39,kapcsold le a villanyt a folyosón , köszönöm hogy láttad a videót ,0.8333333333333334,0.7575757575757576,6,28
C:\Users\reaso\PycharmProjects\TestOriginalUrythmic\RnV-main\RnV-main\testmhub\wavs\C_040_0100_electricity_corridor_LAO.wav,39,a folyosón kapcsold le a villanyt , a felszón kapcsolatból áll ,0.8333333333333334,0.48484848484848486,6,28
C:\Users\reaso\PycharmProjects\TestOriginalUrythmic\RnV-main\RnV-main\testmhub\wavs\C_040_0100_electricity_livingroom_AOL.wav,39,kapcsold le a villanyt a nagyszobába , köpcsoló abilántan hogy tovább van ,1.0,0.5833333333333334,6,31
C:\Users\reaso\PycharmProjects\TestOriginalUrythmic\RnV-main\RnV-main\testmhub\wavs\C_040_0100_electricity_livingroom_LAO.wav,39,a nagyszobába kapcsold le a villanyt , az elcobában kapcsolat lávilányt ,1.0,0.4444444444444444,6,31
C:\Users\reaso\PycharmProjects\TestOriginalUrythmic\RnV-main\RnV-main\testmhub\wavs\C_040_0100_electricity_room_AOL.wav,39,kapcsold le a villanyt a szobába , kapcsolva a világtartó szobába ,0.6666666666666666,0.34375,6,27
C:\Users\reaso\PycharmProjects\TestOriginalUrythmic\RnV-main\RnV-main\testmhub\wavs\C_040_0100_electricity_room_LAO.wav,39,a szobába kapcsold le a villanyt , a szabályban kapcsolód a vilányt ,0.6666666666666666,0.3125,6,27
C:\Users\reaso\PycharmProjects\TestOriginalUrythmic\RnV-main\RnV-main\testmhub\wavs\C_040_0100_electricity_smallroom_LAO.wav,39,a kisszobába kapcsold le a villanyt , a két szobával kapcsolódó a világ ,0.6666666666666666,0.4,6,30
C:\Users\reaso\PycharmProjects\TestOriginalUrythmic\RnV-main\RnV-main\testmhub\wavs\C_040_0100_heating_bathroom_AOL.wav,39,húzd le a fűtést a fürdőszobába , hozza a főtét a vörös szobába ,0.8333333333333334,0.3870967741935484,6,26
C:\Users\reaso\PycharmProjects\TestOriginalUrythmic\RnV-main\RnV-main\testmhub\wavs\C_040_0100_heating_bathroom_LAO.wav,39,a fürdőszobába húzd le a fűtést , a földöszobába húzzá a főtést ,0.6666666666666666,0.25806451612903225,6,26
C:\Users\reaso\PycharmProjects\TestOriginalUrythmic\RnV-main\RnV-main\testmhub\wavs\C_040_0100_heating_kitchen_AOL.wav,39,húzd le a fűtést a konyhába , húz le a fűtést a konyhába ,0.16666666666666666,0.037037037037037035,6,22
C:\Users\reaso\PycharmProjects\TestOriginalUrythmic\RnV-main\RnV-main\testmhub\wavs\C_040_0100_heating_kitchen_LAO.wav,39,a konyhába húzzlea fűtés , akkora nyelv akkora zakluték ,1.0,0.7916666666666666,4,21
C:\Users\reaso\PycharmProjects\TestOriginalUrythmic\RnV-main\RnV-main\testmhub\wavs\C_040_0100_heating_livingroom_AOL.wav,39,húzd le a fűtést a nagyszobába , húzzál a fűtét annál szobába ,0.8333333333333334,0.26666666666666666,6,25
C:\Users\reaso\PycharmProjects\TestOriginalUrythmic\RnV-main\RnV-main\testmhub\wavs\C_040_0100_heating_livingroom_LAO.wav,39,a nagyszobába húzd le a fűtést , a leszobába húzz a fűtést ,0.5,0.26666666666666666,6,25
C:\Users\reaso\PycharmProjects\TestOriginalUrythmic\RnV-main\RnV-main\testmhub\wavs\C_040_0100_heating_room_AOL.wav,39,húzd le a fűtést a szobába , húzz le a függét a szobába ,0.3333333333333333,0.19230769230769232,6,21
C:\Users\reaso\PycharmProjects\TestOriginalUrythmic\RnV-main\RnV-main\testmhub\wavs\C_040_0100_heating_room_LAO.wav,39,a szobába húzd le a fűtést , a szobába húzd le a földtérszt ,0.16666666666666666,0.19230769230769232,6,21
C:\Users\reaso\PycharmProjects\TestOriginalUrythmic\RnV-main\RnV-main\testmhub\wavs\C_040_0100_heating_smallroom_AOL.wav,39,húzd le a fűtést a kisszobába , hozz le a főtét a kiszomába ,0.5,0.20689655172413793,6,24
C:\Users\reaso\PycharmProjects\TestOriginalUrythmic\RnV-main\RnV-main\testmhub\wavs\C_040_0100_heating_smallroom_LAO.wav,39,a kisszobába húzd le a fűtést , aki szobában húzna a főtést ,0.8333333333333334,0.27586206896551724,6,24
C:\Users\reaso\PycharmProjects\TestOriginalUrythmic\RnV-main\RnV-main\testmhub\wavs\C_040_0100_shutter_bathroom_AXOL.wav,39,húzd le a lell redőnyt a fürdőszobába , húzzal le lehetőség a főző szobába ,0.8571428571428571,0.43243243243243246,7,31
C:\Users\reaso\PycharmProjects\TestOriginalUrythmic\RnV-main\RnV-main\testmhub\wavs\C_040_0100_shutter_bathroom_LAO.wav,39,a fürdőszobába húzd le a redőnyt , a fülőszobába húz a redönt ,0.6666666666666666,0.25,6,27
C:\Users\reaso\PycharmProjects\TestOriginalUrythmic\RnV-main\RnV-main\testmhub\wavs\C_040_0100_shutter_corridor_AOL.wav,39,húzd le a redőnyt a folyosón , húzz le a redőn a felsőon ,0.5,0.2857142857142857,6,23
C:\Users\reaso\PycharmProjects\TestOriginalUrythmic\RnV-main\RnV-main\testmhub\wavs\C_040_0100_shutter_corridor_LAO.wav,39,a folyosón húzd le a redőnyt , a fősorunk húsz láradőnt ,0.8333333333333334,0.5,6,23
C:\Users\reaso\PycharmProjects\TestOriginalUrythmic\RnV-main\RnV-main\testmhub\wavs\C_040_0100_shutter_kitchen_AOL.wav,39,húzd le a redőnyt a konyhába , úgy le a redőnt a konyhába ,0.3333333333333333,0.14285714285714285,6,23
C:\Users\reaso\PycharmProjects\TestOriginalUrythmic\RnV-main\RnV-main\testmhub\wavs\C_040_0100_shutter_kitchen_LAO.wav,39,a konyhába húzd le a redőnyt , a konyhába húzza a redőnt ,0.5,0.17857142857142858,6,23
C:\Users\reaso\PycharmProjects\TestOriginalUrythmic\RnV-main\RnV-main\testmhub\wavs\C_040_0100_shutter_livingroom_AOL.wav,39,húzd le a redőnyt a nagyszobába , húzta a retert és a baba ,0.8333333333333334,0.5483870967741935,6,26
C:\Users\reaso\PycharmProjects\TestOriginalUrythmic\RnV-main\RnV-main\testmhub\wavs\C_040_0100_shutter_livingroom_LAO.wav,39,a nagyszobába húzd le a redőnyt , a naszobába húlt le a retönt ,0.5,0.22580645161290322,6,26
C:\Users\reaso\PycharmProjects\TestOriginalUrythmic\RnV-main\RnV-main\testmhub\wavs\C_040_0100_shutter_room_AOL.wav,39,húzd le a redőnyt a szobába , húzta a rádőnyszerűbb állapot ,0.8333333333333334,0.6666666666666666,6,22
C:\Users\reaso\PycharmProjects\TestOriginalUrythmic\RnV-main\RnV-main\testmhub\wavs\C_040_0100_shutter_room_LAO.wav,39,a szobába húzd le a redőnyt , a szabadba húzni arra dönt ,0.8333333333333334,0.4444444444444444,6,22
C:\Users\reaso\PycharmProjects\TestOriginalUrythmic\RnV-main\RnV-main\testmhub\wavs\C_040_0100_shutter_smallroom_AOL.wav,39,húzd le a redőnyt a kisszobába , húzza arra a döngő kiszobába ,0.8333333333333334,0.43333333333333335,6,25
C:\Users\reaso\PycharmProjects\TestOriginalUrythmic\RnV-main\RnV-main\testmhub\wavs\C_040_0100_shutter_smallroom_LAO.wav,39,a kisszobába húzd le a redőnyt , a kiszobába húzlan retönt ,0.8333333333333334,0.3,6,25
C:\Users\reaso\PycharmProjects\TestOriginalUrythmic\RnV-main\RnV-main\testmhub\wavs\C_040_0100_TV_bathroom_AOL.wav,39,csendesítsd a televíziót a fürdőszobában , fenesítsd a televíziót a fülöszobában ,0.4,0.15,5,36
C:\Users\reaso\PycharmProjects\TestOriginalUrythmic\RnV-main\RnV-main\testmhub\wavs\C_040_0100_TV_bathroom_LAO.wav,39,a fürdőszobában csendesítsd a televíziót , a füldött szobában csendensít a teljesítót ,0.8,0.3,5,36
C:\Users\reaso\PycharmProjects\TestOriginalUrythmic\RnV-main\RnV-main\testmhub\wavs\C_040_0100_TV_corridor_AOL.wav,39,csendesítsd a televíziót a folyosón , csendesít a televíziótafejes valamit ,0.8,0.42857142857142855,5,31
C:\Users\reaso\PycharmProjects\TestOriginalUrythmic\RnV-main\RnV-main\testmhub\wavs\C_040_0100_TV_corridor_LAO.wav,39,a folyosón csendesítsd a televíziót , a folyosón csendes sírtatáriziót ,0.6,0.3142857142857143,5,31
C:\Users\reaso\PycharmProjects\TestOriginalUrythmic\RnV-main\RnV-main\testmhub\wavs\C_040_0100_TV_kitchen_AOL.wav,39,csendesítsd a televíziót a konyhában , genesítsd a televíziót a konyhában ,0.2,0.08333333333333333,5,32
C:\Users\reaso\PycharmProjects\TestOriginalUrythmic\RnV-main\RnV-main\testmhub\wavs\C_040_0100_TV_kitchen_LAO.wav,39,a konyhában csendesítsd a televíziót , a konyhában csendessítsd a televíziót ,0.2,0.027777777777777776,5,32
C:\Users\reaso\PycharmProjects\TestOriginalUrythmic\RnV-main\RnV-main\testmhub\wavs\C_040_0100_TV_livingroom_AOL.wav,39,csendesítsd a televíziót a nagyszobában , csendesít a televíziótól na tovább van ,1.0,0.3076923076923077,5,35
C:\Users\reaso\PycharmProjects\TestOriginalUrythmic\RnV-main\RnV-main\testmhub\wavs\C_040_0100_TV_livingroom_LAO.wav,39,a nagyszobában csendesítsd a televíziót , az a szobában csendben sítsz a televíziót ,0.8,0.20512820512820512,5,35
C:\Users\reaso\PycharmProjects\TestOriginalUrythmic\RnV-main\RnV-main\testmhub\wavs\C_040_0100_TV_room_AOL.wav,39,csendesítsd a televíziót a szobában , csenesít a televiziót a szobában ,0.4,0.11428571428571428,5,31
C:\Users\reaso\PycharmProjects\TestOriginalUrythmic\RnV-main\RnV-main\testmhub\wavs\C_040_0100_TV_room_LAO.wav,39,a szobában csendesítsd a televíziót , a szobában cselessít a televíziót ,0.2,0.14285714285714285,5,31
C:\Users\reaso\PycharmProjects\TestOriginalUrythmic\RnV-main\RnV-main\testmhub\wavs\C_040_0100_TV_smallroom_AOL.wav,39,csendesítsd a televíziót a kisszobában , gyöngyössítsd a televíziód a kiszobában ,0.6,0.23684210526315788,5,34
C:\Users\reaso\PycharmProjects\TestOriginalUrythmic\RnV-main\RnV-main\testmhub\wavs\C_040_0100_TV_smallroom_LAO.wav,39,a kisszobában csendesítsd a televíziót , a kiszobában rendesítsd a televíziót ,0.4,0.07894736842105263,5,34
C:\Users\reaso\PycharmProjects\TestOriginalUrythmic\RnV-main\RnV-main\testmhub\wavs\C_040_1000_electricity_bathroom_AOL.wav,39,kapcsold fel a villanyt a fürdőszobába , kapcsolatban a világfülőszobában ,0.8333333333333334,0.42105263157894735,6,33
C:\Users\reaso\PycharmProjects\TestOriginalUrythmic\RnV-main\RnV-main\testmhub\wavs\C_040_1000_electricity_bathroom_LAO.wav,39,a fürdőszobába kapcsold fel a villanyt , a főnök szobába kapcsolatokat kívánunk ,0.8333333333333334,0.5,6,33
C:\Users\reaso\PycharmProjects\TestOriginalUrythmic\RnV-main\RnV-main\testmhub\wavs\C_040_1000_electricity_corridor_AOL.wav,39,kapcsold fel a villanyt a folyosón , kapcsolta a vilányt a folyosón ,0.5,0.20588235294117646,6,29
C:\Users\reaso\PycharmProjects\TestOriginalUrythmic\RnV-main\RnV-main\testmhub\wavs\C_040_1000_electricity_corridor_LAO.wav,39,a folyosón kapcsold fel a villanyt , a fősorunk a köszönsávilány ,0.6666666666666666,0.6764705882352942,6,29
C:\Users\reaso\PycharmProjects\TestOriginalUrythmic\RnV-main\RnV-main\testmhub\wavs\C_040_1000_electricity_kitchen_AOL.wav,39,kapcsold fel a villanyt a konyhába , kapcsolod fel a vilánt a konyhába ,0.3333333333333333,0.11764705882352941,6,29
C:\Users\reaso\PycharmProjects\TestOriginalUrythmic\RnV-main\RnV-main\testmhub\wavs\C_040_1000_electricity_kitchen_LAO.wav,39,a konyhába kapcsold fel a villanyt , gonyhába kapcsolta a vilánd ,0.8333333333333334,0.35294117647058826,6,29
C:\Users\reaso\PycharmProjects\TestOriginalUrythmic\RnV-main\RnV-main\testmhub\wavs\C_040_1000_electricity_livingroom_AOL.wav,39,kapcsold fel a villanyt a nagyszobába , körülbelül felállítanának tovább ,1.0,0.6756756756756757,6,32
C:\Users\reaso\PycharmProjects\TestOriginalUrythmic\RnV-main\RnV-main\testmhub\wavs\C_040_1000_electricity_livingroom_LAO.wav,39,a nagyszobába kapcsold fel a villanyt , a náci szobával kapcsolatban a vilány ,0.6666666666666666,0.3783783783783784,6,32
C:\Users\reaso\PycharmProjects\TestOriginalUrythmic\RnV-main\RnV-main\testmhub\wavs\C_040_1000_electricity_room_AOL.wav,39,kapcsold fel a villanyt a szobába , kapcsolsz valabilant a szobába ,0.6666666666666666,0.2727272727272727,6,28
C:\Users\reaso\PycharmProjects\TestOriginalUrythmic\RnV-main\RnV-main\testmhub\wavs\C_040_1000_electricity_room_LAO.wav,39,a szobába kapcsold fel a villanyt , a szobába kapcsoltam a vilányt ,0.5,0.21212121212121213,6,28
C:\Users\reaso\PycharmProjects\TestOriginalUrythmic\RnV-main\RnV-main\testmhub\wavs\C_040_1000_electricity_smallroom_AOL.wav,39,kapcsold fel a villanyt a kíszobába , kapcsolódhat a világot a kiszobába ,0.6666666666666666,0.2857142857142857,6,30
C:\Users\reaso\PycharmProjects\TestOriginalUrythmic\RnV-main\RnV-main\testmhub\wavs\C_040_1000_electricity_smallroom_LAO.wav,39,a kíszobába kapcsold fel a villanyt , a kiszobába kapcsolta a vilányt ,0.6666666666666666,0.22857142857142856,6,30
C:\Users\reaso\PycharmProjects\TestOriginalUrythmic\RnV-main\RnV-main\testmhub\wavs\C_040_1000_heating_bathroom_AOL.wav,39,húzd fel a fűtést a fürdőszobába , hozd fel a fűtét a fűdőszobába ,0.5,0.125,6,27
C:\Users\reaso\PycharmProjects\TestOriginalUrythmic\RnV-main\RnV-main\testmhub\wavs\C_040_1000_heating_bathroom_LAO.wav,39,a fürdőszobába húzd fel a fűtést , a fülőszobában húzzal füldél ,0.8333333333333334,0.4375,6,27
C:\Users\reaso\PycharmProjects\TestOriginalUrythmic\RnV-main\RnV-main\testmhub\wavs\C_040_1000_heating_corridor_AOL.wav,39,húzd fel a fűtést a folyosón , hoztál a tűtést a folyosón ,0.5,0.21428571428571427,6,23
C:\Users\reaso\PycharmProjects\TestOriginalUrythmic\RnV-main\RnV-main\testmhub\wavs\C_040_1000_heating_corridor_AOL_d2.wav,39,húzd fel a fűtést a folyosón , osztalakfűtést a felszóng ,0.8333333333333334,0.4642857142857143,6,23
C:\Users\reaso\PycharmProjects\TestOriginalUrythmic\RnV-main\RnV-main\testmhub\wavs\C_040_1000_heating_corridor_LAO.wav,39,a folyosón húzd fel a fűtést , a folyosón 20 25 év ,0.6666666666666666,0.5,6,23
C:\Users\reaso\PycharmProjects\TestOriginalUrythmic\RnV-main\RnV-main\testmhub\wavs\C_040_1000_heating_corridor_LAO_d2.wav,39,a folyosón húzd fel a fűtést , a folyosón húsz hátra tért ,0.6666666666666666,0.32142857142857145,6,23
C:\Users\reaso\PycharmProjects\TestOriginalUrythmic\RnV-main\RnV-main\testmhub\wavs\C_040_1000_heating_kitchen_AOL.wav,39,húzd fel a fűtést a konyhába , 20 települőtét a konyhába ,0.6666666666666666,0.39285714285714285,6,23
C:\Users\reaso\PycharmProjects\TestOriginalUrythmic\RnV-main\RnV-main\testmhub\wavs\C_040_1000_heating_kitchen_LAO.wav,39,a konyhába húzd fel a fűtést , a konyhába húztak az ütés ,0.6666666666666666,0.32142857142857145,6,23
C:\Users\reaso\PycharmProjects\TestOriginalUrythmic\RnV-main\RnV-main\testmhub\wavs\C_040_1000_heating_livingroom_AOL.wav,39,húzd fel a fűtést a nagyszobába , hosszára fűtésztől na szabába ,1.0,0.45161290322580644,6,26
C:\Users\reaso\PycharmProjects\TestOriginalUrythmic\RnV-main\RnV-main\testmhub\wavs\C_040_1000_heating_livingroom_LAO.wav,39,a nagyszobába húzd fel a fűtést , az a szobában húzta a fűtést ,0.6666666666666666,0.3225806451612903,6,26
C:\Users\reaso\PycharmProjects\TestOriginalUrythmic\RnV-main\RnV-main\testmhub\wavs\C_040_1000_heating_room_AOL.wav,39,húzd fel a fűtést a szobába , hozzá a fűtés szobával ,0.8333333333333334,0.4074074074074074,6,22
C:\Users\reaso\PycharmProjects\TestOriginalUrythmic\RnV-main\RnV-main\testmhub\wavs\C_040_1000_heating_room_LAO.wav,39,a szobába húzd fel a fűtést , a szobába hozta le főtést ,0.6666666666666666,0.2962962962962963,6,22
C:\Users\reaso\PycharmProjects\TestOriginalUrythmic\RnV-main\RnV-main\testmhub\wavs\C_040_1000_heating_smallroom_AOL.wav,39,húzd fel a fűtést a kisszobába , húzza a fűtét a kiszobába ,0.6666666666666666,0.23333333333333334,6,25
C:\Users\reaso\PycharmProjects\TestOriginalUrythmic\RnV-main\RnV-main\testmhub\wavs\C_040_1000_heating_smallroom_LAO.wav,39,a kisszobába húzd fel a fűtést , a kiszobába húzzon a fűtést ,0.5,0.2,6,25
C:\Users\reaso\PycharmProjects\TestOriginalUrythmic\RnV-main\RnV-main\testmhub\wavs\C_040_1000_shutter_bathroom_AOL.wav,39,húzd fel a redőnyt a fürdőszobába , hozsz fel a retőnyt a fürdőszobába ,0.3333333333333333,0.12121212121212122,6,28
C:\Users\reaso\PycharmProjects\TestOriginalUrythmic\RnV-main\RnV-main\testmhub\wavs\C_040_1000_shutter_bathroom_LAO.wav,39,a fürdőszobába húzd fel a redőnyt , a földöszobába húzd fel a rezend ,0.3333333333333333,0.21212121212121213,6,28
C:\Users\reaso\PycharmProjects\TestOriginalUrythmic\RnV-main\RnV-main\testmhub\wavs\C_040_1000_shutter_corridor_AOL.wav,39,húzd fel a redőnyt a folyosón , pusztvállal ráadó időnk a főszón ,0.8333333333333334,0.7586206896551724,6,24
C:\Users\reaso\PycharmProjects\TestOriginalUrythmic\RnV-main\RnV-main\testmhub\wavs\C_040_1000_shutter_corridor_LAO.wav,39,a folyosón húzd fel a redőnyt , a folyosón húzd fel a zsetönyt ,0.16666666666666666,0.13793103448275862,6,24
C:\Users\reaso\PycharmProjects\TestOriginalUrythmic\RnV-main\RnV-main\testmhub\wavs\C_040_1000_shutter_kitchen_AOL.wav,39,húzd fel a redőnyt a konyhába , húz fel a redőnt a konyhába ,0.3333333333333333,0.06896551724137931,6,24
C:\Users\reaso\PycharmProjects\TestOriginalUrythmic\RnV-main\RnV-main\testmhub\wavs\C_040_1000_shutter_kitchen_LAO.wav,39,a konyhába húzd fel a redőnyt , a konyhába húzd fel a redőnyt ,0.0,0.0,6,24
C:\Users\reaso\PycharmProjects\TestOriginalUrythmic\RnV-main\RnV-main\testmhub\wavs\C_040_1000_shutter_livingroom_AOL.wav,39,húzd fel a redőnyt a nagyszobába , húzz fel a revőd a nőszobába ,0.5,0.25,6,27
C:\Users\reaso\PycharmProjects\TestOriginalUrythmic\RnV-main\RnV-main\testmhub\wavs\C_040_1000_shutter_livingroom_LAO.wav,39,a nagyszobába húzd fel a redőnyt , a nagyszobába húzt fel a rezönt ,0.3333333333333333,0.125,6,27
C:\Users\reaso\PycharmProjects\TestOriginalUrythmic\RnV-main\RnV-main\testmhub\wavs\C_040_1000_shutter_room_AXOL.wav,39,húzd fel a redő redőnyt a szobába , húz fel előnt a szobába ,0.5714285714285714,0.3333333333333333,7,27
C:\Users\reaso\PycharmProjects\TestOriginalUrythmic\RnV-main\RnV-main\testmhub\wavs\C_040_1000_shutter_room_LAO.wav,39,a szobába húzd fel a redőnyt , a szavába húzt fel a rezönyt ,0.5,0.17857142857142858,6,23
C:\Users\reaso\PycharmProjects\TestOriginalUrythmic\RnV-main\RnV-main\testmhub\wavs\C_040_1000_shutter_smallroom_AOL.wav,39,húzd fel a redőnyt a kisszobába , 20 szálló lehetőség a két szobában ,1.0,0.6129032258064516,6,26
C:\Users\reaso\PycharmProjects\TestOriginalUrythmic\RnV-main\RnV-main\testmhub\wavs\C_040_1000_shutter_smallroom_LAO.wav,39,a kisszobába húzd fel a redőnyt , a kiszobába húz fel a regönt ,0.5,0.16129032258064516,6,26
C:\Users\reaso\PycharmProjects\TestOriginalUrythmic\RnV-main\RnV-main\testmhub\wavs\C_040_1000_TV_bathroom_AOL.wav,39,hangosítsd a televíziót a fürdőszobában , hangosít a televíziót a fülöszobában ,0.4,0.1282051282051282,5,35
C:\Users\reaso\PycharmProjects\TestOriginalUrythmic\RnV-main\RnV-main\testmhub\wavs\C_040_1000_TV_bathroom_LAO.wav,39,a fürdőszobában hangosítsd a televíziót , a fülőszobában hangosított el videót ,0.8,0.28205128205128205,5,35
C:\Users\reaso\PycharmProjects\TestOriginalUrythmic\RnV-main\RnV-main\testmhub\wavs\C_040_1000_TV_corridor_AOL.wav,39,hangosítsd a televíziót a folyosón , hangosít a televíziót a felszóon ,0.4,0.20588235294117646,5,30
C:\Users\reaso\PycharmProjects\TestOriginalUrythmic\RnV-main\RnV-main\testmhub\wavs\C_040_1000_TV_corridor_LAO.wav,39,a folyosón hangosítsd a televíziót , a felsőn hangosít a televíziót ,0.4,0.17647058823529413,5,30
C:\Users\reaso\PycharmProjects\TestOriginalUrythmic\RnV-main\RnV-main\testmhub\wavs\C_040_1000_TV_kitchen_AOL.wav,39,hangosítsd a televíziót a konyhában , hallgass így a televízióta konyhában ,0.8,0.2571428571428571,5,31
C:\Users\reaso\PycharmProjects\TestOriginalUrythmic\RnV-main\RnV-main\testmhub\wavs\C_040_1000_TV_kitchen_LAO.wav,39,a konyhában hangosítsd a televíziót , a konyhában hangosított elvizsgáló,0.6,0.34285714285714286,5,31
C:\Users\reaso\PycharmProjects\TestOriginalUrythmic\RnV-main\RnV-main\testmhub\wavs\C_040_1000_TV_livingroom_AOL.wav,39,hangosítsd a televíziót a nagyszobában , hangosított reviziózott nagyszabában ,1.0,0.34210526315789475,5,34
C:\Users\reaso\PycharmProjects\TestOriginalUrythmic\RnV-main\RnV-main\testmhub\wavs\C_040_1000_TV_livingroom_LAO.wav,39,a nagyszobában hangosítsd a televíziót , hát szóval abban hangosítótár is az ,1.2,0.6578947368421053,5,34
C:\Users\reaso\PycharmProjects\TestOriginalUrythmic\RnV-main\RnV-main\testmhub\wavs\C_040_1000_TV_room_AOL.wav,39,hangosítsd a televíziót a szobában , hangosítsd a televíziót a szobában ,0.0,0.0,5,30
C:\Users\reaso\PycharmProjects\TestOriginalUrythmic\RnV-main\RnV-main\testmhub\wavs\C_040_1000_TV_room_LAO.wav,39,a szobában hangosítsd a televíziót , a szobában hangosítottál vizióz ,0.6,0.2647058823529412,5,30
C:\Users\reaso\PycharmProjects\TestOriginalUrythmic\RnV-main\RnV-main\testmhub\wavs\C_040_1000_TV_smallroom_AOL.wav,39,hangosítsd a televíziót a giszobában , hangosítja a televíziót a kiszobában ,0.4,0.08333333333333333,5,32
C:\Users\reaso\PycharmProjects\TestOriginalUrythmic\RnV-main\RnV-main\testmhub\wavs\C_040_1000_TV_smallroom_LAO.wav,39,a kisszobában hangosítsd a televíziót , a kész szabályban hangosított elvíziót ,0.8,0.32432432432432434,5,33
C:\Users\reaso\PycharmProjects\TestOriginalUrythmic\RnV-main\RnV-main\testmhub\wavs\C_040_1111_radio_bathroom_AOL.wav,39,vál csatornát a rádión a fürdőszobába , 4 adonát a rádióra füli a szobába ,0.8333333333333334,0.3783783783783784,6,32
C:\Users\reaso\PycharmProjects\TestOriginalUrythmic\RnV-main\RnV-main\testmhub\wavs\C_040_1111_radio_bathroom_LAO.wav,39,a fürdőszobába vál csatornát a rádión , a fülösobába várta a donrát rádióon ,0.8333333333333334,0.40540540540540543,6,32
C:\Users\reaso\PycharmProjects\TestOriginalUrythmic\RnV-main\RnV-main\testmhub\wavs\C_040_1111_radio_corridor_AOL.wav,39,vál csatornát a rádión a folyosón , váltatlan az orrádiun vősvón ,1.0,0.5757575757575758,6,28
C:\Users\reaso\PycharmProjects\TestOriginalUrythmic\RnV-main\RnV-main\testmhub\wavs\C_040_1111_radio_corridor_LAO.wav,39,a folyosón vál csatornát a rádión , a fősoron a vágy csazornát a rádióon ,0.8333333333333334,0.3333333333333333,6,28
C:\Users\reaso\PycharmProjects\TestOriginalUrythmic\RnV-main\RnV-main\testmhub\wavs\C_040_1111_radio_kitchen_AOL.wav,39,vál csatornát a rádión a konyhába , bácsatronát a rádión a konyhában ,0.5,0.18181818181818182,6,28
C:\Users\reaso\PycharmProjects\TestOriginalUrythmic\RnV-main\RnV-main\testmhub\wavs\C_040_1111_radio_kitchen_LAO.wav,39,a konyhába vál csatornát a rádión , a konyhába várcsatona rádióm ,0.6666666666666666,0.21212121212121213,6,28
C:\Users\reaso\PycharmProjects\TestOriginalUrythmic\RnV-main\RnV-main\testmhub\wavs\C_040_1111_radio_livingroom_AOL.wav,39,vál csatornát a rádión a nagyszobába , már csatornát a rádió annak a bába ,0.6666666666666666,0.25,6,31
C:\Users\reaso\PycharmProjects\TestOriginalUrythmic\RnV-main\RnV-main\testmhub\wavs\C_040_1111_radio_livingroom_LAO.wav,39,a nagyszobába vál csatornát a rádión , a nőszobába bátra szóna a rádión ,0.5,0.3888888888888889,6,31
C:\Users\reaso\PycharmProjects\TestOriginalUrythmic\RnV-main\RnV-main\testmhub\wavs\C_040_1111_radio_room_AOL.wav,39,vál csatornát a rádión a szobába , vártatón által rádióna szobában ,1.0,0.375,6,27
C:\Users\reaso\PycharmProjects\TestOriginalUrythmic\RnV-main\RnV-main\testmhub\wavs\C_040_1111_radio_room_LAO.wav,39,a szobába vál csatornát a rádión , a szobában váltja a rádion ,0.6666666666666666,0.34375,6,27
C:\Users\reaso\PycharmProjects\TestOriginalUrythmic\RnV-main\RnV-main\testmhub\wavs\C_040_1111_radio_smallroom_AOL.wav,39,vál csatornát a rádión a kisszobába , vágyható náltalára jónak és szobába ,1.0,0.5142857142857142,6,30
C:\Users\reaso\PycharmProjects\TestOriginalUrythmic\RnV-main\RnV-main\testmhub\wavs\C_040_1111_radio_smallroom_LAO.wav,39,a kisszobába vál csatornát a rádión , a kész szobába várjad a rádion ,0.6666666666666666,0.4,6,30
C:\Users\reaso\PycharmProjects\TestOriginalUrythmic\RnV-main\RnV-main\testmhub\wavs\C_040_1111_TV_bathroom_ALO.wav,39,válcs csatornát a fürdőszobába a televízión , bocs csatornáta függő szobába a televízió ,0.8333333333333334,0.18604651162790697,6,38
C:\Users\reaso\PycharmProjects\TestOriginalUrythmic\RnV-main\RnV-main\testmhub\wavs\C_040_1111_TV_bathroom_AOL.wav,39,vál csatornát a televízión a fürdőszobába , bárcsalatol lát a televízióon a függőzobában ,0.6666666666666666,0.3170731707317073,6,36
C:\Users\reaso\PycharmProjects\TestOriginalUrythmic\RnV-main\RnV-main\testmhub\wavs\C_040_1111_TV_bathroom_LAO.wav,39,a fürdőszobába vál csatornát a televízión , a fürdőszobába bárcsak adonáltad a vizion ,0.5,0.4146341463414634,6,36
C:\Users\reaso\PycharmProjects\TestOriginalUrythmic\RnV-main\RnV-main\testmhub\wavs\C_040_1111_TV_corridor_AOL.wav,39,válcs csatornát a televízión a folyosón , bárcsak csak az van át a televízióon a főzsón ,1.1666666666666667,0.4358974358974359,6,34
C:\Users\reaso\PycharmProjects\TestOriginalUrythmic\RnV-main\RnV-main\testmhub\wavs\C_040_1111_TV_corridor_LAO.wav,39,a folyosón válcs csatornát a televízión , a fősoron a másodaton náta televíziónak ,0.8333333333333334,0.4358974358974359,6,34
C:\Users\reaso\PycharmProjects\TestOriginalUrythmic\RnV-main\RnV-main\testmhub\wavs\C_040_1111_TV_kitchen_AOL.wav,39,vál csatornát a televízión a konyhába , vagy csatornát a televízión a konyhában ,0.3333333333333333,0.10810810810810811,6,32
C:\Users\reaso\PycharmProjects\TestOriginalUrythmic\RnV-main\RnV-main\testmhub\wavs\C_040_1111_TV_kitchen_LAO.wav,39,a konyhába vál csatornát a televízión , a konyhába vártsazón állt a televízión ,0.3333333333333333,0.24324324324324326,6,32
C:\Users\reaso\PycharmProjects\TestOriginalUrythmic\RnV-main\RnV-main\testmhub\wavs\C_040_1111_TV_livingroom_AOL.wav,39,válcs csatornát a televízión a nagyszobába , bácsalónak szokt revizsó ön a szobában ,0.8333333333333334,0.5952380952380952,6,37
C:\Users\reaso\PycharmProjects\TestOriginalUrythmic\RnV-main\RnV-main\testmhub\wavs\C_040_1111_TV_livingroom_LAO.wav,39,a nagyszobába válcs csatornát a televízión , aznál szobába várj csatornázz a televízión ,0.6666666666666666,0.21428571428571427,6,37
C:\Users\reaso\PycharmProjects\TestOriginalUrythmic\RnV-main\RnV-main\testmhub\wavs\C_040_1111_TV_room_AOL.wav,39,válcs csatornát a televízión a szobába , vagy csatornát a televízióhoz a bába ,0.5,0.2631578947368421,6,33
C:\Users\reaso\PycharmProjects\TestOriginalUrythmic\RnV-main\RnV-main\testmhub\wavs\C_040_1111_TV_room_LAO.wav,39,a szobába válcs csatornát a televízión , a szobába várt csatornács szervizión ,0.6666666666666666,0.2894736842105263,6,33
C:\Users\reaso\PycharmProjects\TestOriginalUrythmic\RnV-main\RnV-main\testmhub\wavs\C_040_1111_TV_smallroom_AOL.wav,39,válcs csatornát a televízión a kisszobába , bács csináltad a televízió a képszabályban ,0.6666666666666666,0.3902439024390244,6,36
C:\Users\reaso\PycharmProjects\TestOriginalUrythmic\RnV-main\RnV-main\testmhub\wavs\C_040_1111_TV_smallroom_LAO.wav,39,a kisszobába vál csatornát a televízión , a kiszobában vágy csatornát a televíziónak ,0.5,0.15384615384615385,6,34
